[     530ms] [INFO] %cDownload the React DevTools for a better development experience: https://react.dev/link/react-devtools font-weight:bold @ http://localhost:3000/_next/static/chunks/node_modules_next_dist_1e8vcs8._.js:776
[     603ms] [LOG] [HMR] connected @ http://localhost:3000/_next/static/chunks/node_modules_next_dist_1e8vcs8._.js:776
[     834ms] [LOG] [Fast Refresh] rebuilding @ http://localhost:3000/_next/static/chunks/node_modules_next_dist_1e8vcs8._.js:776
[    1161ms] [LOG] [Fast Refresh] done in 457ms @ http://localhost:3000/_next/static/chunks/node_modules_next_dist_1e8vcs8._.js:776
[    1620ms] [WARNING] A PressResponder was rendered without a pressable child. Either call the usePress hook, or wrap your DOM node with <Pressable> component. @ http://localhost:3000/_next/static/chunks/node_modules_next_dist_1e8vcs8._.js:776
[    1742ms] [WARNING] If you do not provide a visible label, you must specify an aria-label or aria-labelledby attribute for accessibility @ http://localhost:3000/_next/static/chunks/node_modules_next_dist_1e8vcs8._.js:776
[    1755ms] [WARNING] If you do not provide a visible label, you must specify an aria-label or aria-labelledby attribute for accessibility @ http://localhost:3000/_next/static/chunks/node_modules_next_dist_1e8vcs8._.js:776
[    1843ms] [WARNING] If you do not provide a visible label, you must specify an aria-label or aria-labelledby attribute for accessibility @ http://localhost:3000/_next/static/chunks/node_modules_next_dist_1e8vcs8._.js:776
[    1845ms] [WARNING] If you do not provide a visible label, you must specify an aria-label or aria-labelledby attribute for accessibility @ http://localhost:3000/_next/static/chunks/node_modules_next_dist_1e8vcs8._.js:776
[    1912ms] [WARNING] If you do not provide a visible label, you must specify an aria-label or aria-labelledby attribute for accessibility @ http://localhost:3000/_next/static/chunks/node_modules_next_dist_1e8vcs8._.js:776
[    1914ms] [WARNING] If you do not provide a visible label, you must specify an aria-label or aria-labelledby attribute for accessibility @ http://localhost:3000/_next/static/chunks/node_modules_next_dist_1e8vcs8._.js:776
[    4466ms] [INFO] %cDownload the React DevTools for a better development experience: https://react.dev/link/react-devtools font-weight:bold @ http://localhost:3000/_next/static/chunks/node_modules_next_dist_1e8vcs8._.js:776
[    4511ms] [LOG] [HMR] connected @ http://localhost:3000/_next/static/chunks/node_modules_next_dist_1e8vcs8._.js:776
[    4994ms] [WARNING] A PressResponder was rendered without a pressable child. Either call the usePress hook, or wrap your DOM node with <Pressable> component. @ http://localhost:3000/_next/static/chunks/node_modules_next_dist_1e8vcs8._.js:776
[    5058ms] [WARNING] If you do not provide a visible label, you must specify an aria-label or aria-labelledby attribute for accessibility @ http://localhost:3000/_next/static/chunks/node_modules_next_dist_1e8vcs8._.js:776
[    5066ms] [WARNING] If you do not provide a visible label, you must specify an aria-label or aria-labelledby attribute for accessibility @ http://localhost:3000/_next/static/chunks/node_modules_next_dist_1e8vcs8._.js:776
[    5081ms] [WARNING] If you do not provide a visible label, you must specify an aria-label or aria-labelledby attribute for accessibility @ http://localhost:3000/_next/static/chunks/node_modules_next_dist_1e8vcs8._.js:776
[    5082ms] [WARNING] If you do not provide a visible label, you must specify an aria-label or aria-labelledby attribute for accessibility @ http://localhost:3000/_next/static/chunks/node_modules_next_dist_1e8vcs8._.js:776
[    5108ms] [WARNING] If you do not provide a visible label, you must specify an aria-label or aria-labelledby attribute for accessibility @ http://localhost:3000/_next/static/chunks/node_modules_next_dist_1e8vcs8._.js:776
[    5109ms] [WARNING] If you do not provide a visible label, you must specify an aria-label or aria-labelledby attribute for accessibility @ http://localhost:3000/_next/static/chunks/node_modules_next_dist_1e8vcs8._.js:776
[  124423ms] [LOG] [Fast Refresh] rebuilding @ http://localhost:3000/_next/static/chunks/node_modules_next_dist_1e8vcs8._.js:776
[  124833ms] [LOG] [Fast Refresh] done in 392ms @ http://localhost:3000/_next/static/chunks/node_modules_next_dist_1e8vcs8._.js:776
[  124899ms] [LOG] [Fast Refresh] done in 392ms @ http://localhost:3000/_next/static/chunks/node_modules_next_dist_1e8vcs8._.js:776
[  124988ms] [LOG] [Fast Refresh] done in 392ms @ http://localhost:3000/_next/static/chunks/node_modules_next_dist_1e8vcs8._.js:776
[  125104ms] [LOG] [Fast Refresh] done in 392ms @ http://localhost:3000/_next/static/chunks/node_modules_next_dist_1e8vcs8._.js:776
[  125175ms] [LOG] [Fast Refresh] done in 392ms @ http://localhost:3000/_next/static/chunks/node_modules_next_dist_1e8vcs8._.js:776
[  125238ms] [LOG] [Fast Refresh] done in 392ms @ http://localhost:3000/_next/static/chunks/node_modules_next_dist_1e8vcs8._.js:776
[  125248ms] [WARNING] If you do not provide a visible label, you must specify an aria-label or aria-labelledby attribute for accessibility @ http://localhost:3000/_next/static/chunks/node_modules_next_dist_1e8vcs8._.js:776
[  125249ms] [WARNING] If you do not provide a visible label, you must specify an aria-label or aria-labelledby attribute for accessibility @ http://localhost:3000/_next/static/chunks/node_modules_next_dist_1e8vcs8._.js:776
[  125311ms] [LOG] [Fast Refresh] done in 392ms @ http://localhost:3000/_next/static/chunks/node_modules_next_dist_1e8vcs8._.js:776
[  125361ms] [WARNING] If you do not provide a visible label, you must specify an aria-label or aria-labelledby attribute for accessibility @ http://localhost:3000/_next/static/chunks/node_modules_next_dist_1e8vcs8._.js:776
[  125362ms] [WARNING] If you do not provide a visible label, you must specify an aria-label or aria-labelledby attribute for accessibility @ http://localhost:3000/_next/static/chunks/node_modules_next_dist_1e8vcs8._.js:776
[  125378ms] [LOG] [Fast Refresh] done in 392ms @ http://localhost:3000/_next/static/chunks/node_modules_next_dist_1e8vcs8._.js:776
[  125429ms] [LOG] [Fast Refresh] done in 392ms @ http://localhost:3000/_next/static/chunks/node_modules_next_dist_1e8vcs8._.js:776
[  125471ms] [INFO] Banner not shown: beforeinstallpromptevent.preventDefault() called. The page must call beforeinstallpromptevent.prompt() to show the banner. @ http://localhost:3000/user/testuser:0
[  125527ms] [LOG] [Fast Refresh] done in 392ms @ http://localhost:3000/_next/static/chunks/node_modules_next_dist_1e8vcs8._.js:776
[  125589ms] [LOG] [Fast Refresh] done in 392ms @ http://localhost:3000/_next/static/chunks/node_modules_next_dist_1e8vcs8._.js:776
[  125649ms] [LOG] [Fast Refresh] done in 392ms @ http://localhost:3000/_next/static/chunks/node_modules_next_dist_1e8vcs8._.js:776
[  125726ms] [LOG] [Fast Refresh] done in 392ms @ http://localhost:3000/_next/static/chunks/node_modules_next_dist_1e8vcs8._.js:776
[  125789ms] [LOG] [Fast Refresh] done in 392ms @ http://localhost:3000/_next/static/chunks/node_modules_next_dist_1e8vcs8._.js:776
[  125849ms] [LOG] [Fast Refresh] done in 392ms @ http://localhost:3000/_next/static/chunks/node_modules_next_dist_1e8vcs8._.js:776
[  125913ms] [LOG] [Fast Refresh] done in 392ms @ http://localhost:3000/_next/static/chunks/node_modules_next_dist_1e8vcs8._.js:776
[  125975ms] [LOG] [Fast Refresh] done in 392ms @ http://localhost:3000/_next/static/chunks/node_modules_next_dist_1e8vcs8._.js:776
[  126037ms] [LOG] [Fast Refresh] done in 392ms @ http://localhost:3000/_next/static/chunks/node_modules_next_dist_1e8vcs8._.js:776
[  126097ms] [LOG] [Fast Refresh] done in 392ms @ http://localhost:3000/_next/static/chunks/node_modules_next_dist_1e8vcs8._.js:776
[  126159ms] [LOG] [Fast Refresh] done in 392ms @ http://localhost:3000/_next/static/chunks/node_modules_next_dist_1e8vcs8._.js:776
[  126221ms] [LOG] [Fast Refresh] done in 392ms @ http://localhost:3000/_next/static/chunks/node_modules_next_dist_1e8vcs8._.js:776
[  126285ms] [LOG] [Fast Refresh] done in 392ms @ http://localhost:3000/_next/static/chunks/node_modules_next_dist_1e8vcs8._.js:776
[  126347ms] [LOG] [Fast Refresh] done in 392ms @ http://localhost:3000/_next/static/chunks/node_modules_next_dist_1e8vcs8._.js:776
[  126408ms] [LOG] [Fast Refresh] done in 392ms @ http://localhost:3000/_next/static/chunks/node_modules_next_dist_1e8vcs8._.js:776
[  126470ms] [LOG] [Fast Refresh] done in 392ms @ http://localhost:3000/_next/static/chunks/node_modules_next_dist_1e8vcs8._.js:776
[  126533ms] [LOG] [Fast Refresh] done in 392ms @ http://localhost:3000/_next/static/chunks/node_modules_next_dist_1e8vcs8._.js:776
[  126597ms] [LOG] [Fast Refresh] done in 392ms @ http://localhost:3000/_next/static/chunks/node_modules_next_dist_1e8vcs8._.js:776
[  126658ms] [LOG] [Fast Refresh] done in 392ms @ http://localhost:3000/_next/static/chunks/node_modules_next_dist_1e8vcs8._.js:776
[  126721ms] [LOG] [Fast Refresh] done in 392ms @ http://localhost:3000/_next/static/chunks/node_modules_next_dist_1e8vcs8._.js:776
[  126781ms] [LOG] [Fast Refresh] done in 392ms @ http://localhost:3000/_next/static/chunks/node_modules_next_dist_1e8vcs8._.js:776
[  126844ms] [LOG] [Fast Refresh] done in 392ms @ http://localhost:3000/_next/static/chunks/node_modules_next_dist_1e8vcs8._.js:776
[  126905ms] [LOG] [Fast Refresh] done in 392ms @ http://localhost:3000/_next/static/chunks/node_modules_next_dist_1e8vcs8._.js:776
[  126969ms] [LOG] [Fast Refresh] done in 392ms @ http://localhost:3000/_next/static/chunks/node_modules_next_dist_1e8vcs8._.js:776
[  127031ms] [LOG] [Fast Refresh] done in 392ms @ http://localhost:3000/_next/static/chunks/node_modules_next_dist_1e8vcs8._.js:776
[  127095ms] [LOG] [Fast Refresh] done in 392ms @ http://localhost:3000/_next/static/chunks/node_modules_next_dist_1e8vcs8._.js:776
[  127156ms] [LOG] [Fast Refresh] done in 392ms @ http://localhost:3000/_next/static/chunks/node_modules_next_dist_1e8vcs8._.js:776
[  127219ms] [LOG] [Fast Refresh] done in 392ms @ http://localhost:3000/_next/static/chunks/node_modules_next_dist_1e8vcs8._.js:776
[  127282ms] [LOG] [Fast Refresh] done in 392ms @ http://localhost:3000/_next/static/chunks/node_modules_next_dist_1e8vcs8._.js:776
[  127342ms] [LOG] [Fast Refresh] done in 392ms @ http://localhost:3000/_next/static/chunks/node_modules_next_dist_1e8vcs8._.js:776
[  127404ms] [LOG] [Fast Refresh] done in 392ms @ http://localhost:3000/_next/static/chunks/node_modules_next_dist_1e8vcs8._.js:776
[  127467ms] [LOG] [Fast Refresh] done in 392ms @ http://localhost:3000/_next/static/chunks/node_modules_next_dist_1e8vcs8._.js:776
[  127529ms] [LOG] [Fast Refresh] done in 392ms @ http://localhost:3000/_next/static/chunks/node_modules_next_dist_1e8vcs8._.js:776
[  127593ms] [LOG] [Fast Refresh] done in 392ms @ http://localhost:3000/_next/static/chunks/node_modules_next_dist_1e8vcs8._.js:776
[  127655ms] [LOG] [Fast Refresh] done in 392ms @ http://localhost:3000/_next/static/chunks/node_modules_next_dist_1e8vcs8._.js:776
[  127718ms] [LOG] [Fast Refresh] done in 392ms @ http://localhost:3000/_next/static/chunks/node_modules_next_dist_1e8vcs8._.js:776
[  127780ms] [LOG] [Fast Refresh] done in 392ms @ http://localhost:3000/_next/static/chunks/node_modules_next_dist_1e8vcs8._.js:776
[  127841ms] [LOG] [Fast Refresh] done in 392ms @ http://localhost:3000/_next/static/chunks/node_modules_next_dist_1e8vcs8._.js:776
[  127904ms] [LOG] [Fast Refresh] done in 392ms @ http://localhost:3000/_next/static/chunks/node_modules_next_dist_1e8vcs8._.js:776
[  127966ms] [LOG] [Fast Refresh] done in 392ms @ http://localhost:3000/_next/static/chunks/node_modules_next_dist_1e8vcs8._.js:776
[  128029ms] [LOG] [Fast Refresh] done in 392ms @ http://localhost:3000/_next/static/chunks/node_modules_next_dist_1e8vcs8._.js:776
[  128090ms] [LOG] [Fast Refresh] done in 392ms @ http://localhost:3000/_next/static/chunks/node_modules_next_dist_1e8vcs8._.js:776
[  128159ms] [LOG] [Fast Refresh] done in 392ms @ http://localhost:3000/_next/static/chunks/node_modules_next_dist_1e8vcs8._.js:776
[  128226ms] [LOG] [Fast Refresh] done in 392ms @ http://localhost:3000/_next/static/chunks/node_modules_next_dist_1e8vcs8._.js:776
[  128293ms] [LOG] [Fast Refresh] done in 392ms @ http://localhost:3000/_next/static/chunks/node_modules_next_dist_1e8vcs8._.js:776
[  128355ms] [LOG] [Fast Refresh] done in 392ms @ http://localhost:3000/_next/static/chunks/node_modules_next_dist_1e8vcs8._.js:776
[  128432ms] [LOG] [Fast Refresh] done in 392ms @ http://localhost:3000/_next/static/chunks/node_modules_next_dist_1e8vcs8._.js:776
[  128494ms] [LOG] [Fast Refresh] done in 392ms @ http://localhost:3000/_next/static/chunks/node_modules_next_dist_1e8vcs8._.js:776
[  128557ms] [LOG] [Fast Refresh] done in 392ms @ http://localhost:3000/_next/static/chunks/node_modules_next_dist_1e8vcs8._.js:776
[  128620ms] [LOG] [Fast Refresh] done in 392ms @ http://localhost:3000/_next/static/chunks/node_modules_next_dist_1e8vcs8._.js:776
[  128681ms] [LOG] [Fast Refresh] done in 392ms @ http://localhost:3000/_next/static/chunks/node_modules_next_dist_1e8vcs8._.js:776
[  128742ms] [LOG] [Fast Refresh] done in 392ms @ http://localhost:3000/_next/static/chunks/node_modules_next_dist_1e8vcs8._.js:776
[  128805ms] [LOG] [Fast Refresh] done in 392ms @ http://localhost:3000/_next/static/chunks/node_modules_next_dist_1e8vcs8._.js:776
[  128866ms] [LOG] [Fast Refresh] done in 392ms @ http://localhost:3000/_next/static/chunks/node_modules_next_dist_1e8vcs8._.js:776
[  128927ms] [LOG] [Fast Refresh] done in 392ms @ http://localhost:3000/_next/static/chunks/node_modules_next_dist_1e8vcs8._.js:776
[  128989ms] [LOG] [Fast Refresh] done in 392ms @ http://localhost:3000/_next/static/chunks/node_modules_next_dist_1e8vcs8._.js:776
[  129051ms] [LOG] [Fast Refresh] done in 392ms @ http://localhost:3000/_next/static/chunks/node_modules_next_dist_1e8vcs8._.js:776
[  129113ms] [LOG] [Fast Refresh] done in 392ms @ http://localhost:3000/_next/static/chunks/node_modules_next_dist_1e8vcs8._.js:776
[  129349ms] [LOG] [Fast Refresh] rebuilding @ http://localhost:3000/_next/static/chunks/node_modules_next_dist_1e8vcs8._.js:776
[  129709ms] [LOG] [Fast Refresh] done in 379ms @ http://localhost:3000/_next/static/chunks/node_modules_next_dist_1e8vcs8._.js:776
[  129825ms] [LOG] [Fast Refresh] done in 379ms @ http://localhost:3000/_next/static/chunks/node_modules_next_dist_1e8vcs8._.js:776
[  129927ms] [LOG] [Fast Refresh] done in 379ms @ http://localhost:3000/_next/static/chunks/node_modules_next_dist_1e8vcs8._.js:776
[  129963ms] [WARNING] If you do not provide a visible label, you must specify an aria-label or aria-labelledby attribute for accessibility @ http://localhost:3000/_next/static/chunks/node_modules_next_dist_1e8vcs8._.js:776
[  129964ms] [WARNING] If you do not provide a visible label, you must specify an aria-label or aria-labelledby attribute for accessibility @ http://localhost:3000/_next/static/chunks/node_modules_next_dist_1e8vcs8._.js:776
[  130036ms] [LOG] [Fast Refresh] done in 379ms @ http://localhost:3000/_next/static/chunks/node_modules_next_dist_1e8vcs8._.js:776
[  130054ms] [LOG] [Fast Refresh] done in 379ms @ http://localhost:3000/_next/static/chunks/node_modules_next_dist_1e8vcs8._.js:776
[  130111ms] [LOG] [Fast Refresh] done in 379ms @ http://localhost:3000/_next/static/chunks/node_modules_next_dist_1e8vcs8._.js:776
[  130152ms] [WARNING] If you do not provide a visible label, you must specify an aria-label or aria-labelledby attribute for accessibility @ http://localhost:3000/_next/static/chunks/node_modules_next_dist_1e8vcs8._.js:776
[  130153ms] [WARNING] If you do not provide a visible label, you must specify an aria-label or aria-labelledby attribute for accessibility @ http://localhost:3000/_next/static/chunks/node_modules_next_dist_1e8vcs8._.js:776
[  130174ms] [LOG] [Fast Refresh] done in 379ms @ http://localhost:3000/_next/static/chunks/node_modules_next_dist_1e8vcs8._.js:776
[  130222ms] [INFO] Banner not shown: beforeinstallpromptevent.preventDefault() called. The page must call beforeinstallpromptevent.prompt() to show the banner. @ http://localhost:3000/user/testuser:0
[  130232ms] [LOG] [Fast Refresh] done in 379ms @ http://localhost:3000/_next/static/chunks/node_modules_next_dist_1e8vcs8._.js:776
[  130295ms] [LOG] [Fast Refresh] done in 379ms @ http://localhost:3000/_next/static/chunks/node_modules_next_dist_1e8vcs8._.js:776
[  130357ms] [LOG] [Fast Refresh] done in 379ms @ http://localhost:3000/_next/static/chunks/node_modules_next_dist_1e8vcs8._.js:776
[  130421ms] [LOG] [Fast Refresh] done in 379ms @ http://localhost:3000/_next/static/chunks/node_modules_next_dist_1e8vcs8._.js:776
[  130484ms] [LOG] [Fast Refresh] done in 379ms @ http://localhost:3000/_next/static/chunks/node_modules_next_dist_1e8vcs8._.js:776
[  130546ms] [LOG] [Fast Refresh] done in 379ms @ http://localhost:3000/_next/static/chunks/node_modules_next_dist_1e8vcs8._.js:776
[  130608ms] [LOG] [Fast Refresh] done in 379ms @ http://localhost:3000/_next/static/chunks/node_modules_next_dist_1e8vcs8._.js:776
[  130671ms] [LOG] [Fast Refresh] done in 379ms @ http://localhost:3000/_next/static/chunks/node_modules_next_dist_1e8vcs8._.js:776
[  130733ms] [LOG] [Fast Refresh] done in 379ms @ http://localhost:3000/_next/static/chunks/node_modules_next_dist_1e8vcs8._.js:776
[  130794ms] [LOG] [Fast Refresh] done in 379ms @ http://localhost:3000/_next/static/chunks/node_modules_next_dist_1e8vcs8._.js:776
[  130860ms] [LOG] [Fast Refresh] done in 379ms @ http://localhost:3000/_next/static/chunks/node_modules_next_dist_1e8vcs8._.js:776
[  130919ms] [LOG] [Fast Refresh] done in 379ms @ http://localhost:3000/_next/static/chunks/node_modules_next_dist_1e8vcs8._.js:776
[  130982ms] [LOG] [Fast Refresh] done in 379ms @ http://localhost:3000/_next/static/chunks/node_modules_next_dist_1e8vcs8._.js:776
[  131044ms] [LOG] [Fast Refresh] done in 379ms @ http://localhost:3000/_next/static/chunks/node_modules_next_dist_1e8vcs8._.js:776
[  131106ms] [LOG] [Fast Refresh] done in 379ms @ http://localhost:3000/_next/static/chunks/node_modules_next_dist_1e8vcs8._.js:776
[  131169ms] [LOG] [Fast Refresh] done in 379ms @ http://localhost:3000/_next/static/chunks/node_modules_next_dist_1e8vcs8._.js:776
[  131232ms] [LOG] [Fast Refresh] done in 379ms @ http://localhost:3000/_next/static/chunks/node_modules_next_dist_1e8vcs8._.js:776
[  131294ms] [LOG] [Fast Refresh] done in 379ms @ http://localhost:3000/_next/static/chunks/node_modules_next_dist_1e8vcs8._.js:776
[  131355ms] [LOG] [Fast Refresh] done in 379ms @ http://localhost:3000/_next/static/chunks/node_modules_next_dist_1e8vcs8._.js:776
[  131418ms] [LOG] [Fast Refresh] done in 379ms @ http://localhost:3000/_next/static/chunks/node_modules_next_dist_1e8vcs8._.js:776
[  131480ms] [LOG] [Fast Refresh] done in 379ms @ http://localhost:3000/_next/static/chunks/node_modules_next_dist_1e8vcs8._.js:776
[  131546ms] [LOG] [Fast Refresh] done in 379ms @ http://localhost:3000/_next/static/chunks/node_modules_next_dist_1e8vcs8._.js:776
[  131605ms] [LOG] [Fast Refresh] done in 379ms @ http://localhost:3000/_next/static/chunks/node_modules_next_dist_1e8vcs8._.js:776
[  131667ms] [LOG] [Fast Refresh] done in 379ms @ http://localhost:3000/_next/static/chunks/node_modules_next_dist_1e8vcs8._.js:776
[  131729ms] [LOG] [Fast Refresh] done in 379ms @ http://localhost:3000/_next/static/chunks/node_modules_next_dist_1e8vcs8._.js:776
[  131792ms] [LOG] [Fast Refresh] done in 379ms @ http://localhost:3000/_next/static/chunks/node_modules_next_dist_1e8vcs8._.js:776
[  131853ms] [LOG] [Fast Refresh] done in 379ms @ http://localhost:3000/_next/static/chunks/node_modules_next_dist_1e8vcs8._.js:776
[  131917ms] [LOG] [Fast Refresh] done in 379ms @ http://localhost:3000/_next/static/chunks/node_modules_next_dist_1e8vcs8._.js:776
[  131978ms] [LOG] [Fast Refresh] done in 379ms @ http://localhost:3000/_next/static/chunks/node_modules_next_dist_1e8vcs8._.js:776
[  132041ms] [LOG] [Fast Refresh] done in 379ms @ http://localhost:3000/_next/static/chunks/node_modules_next_dist_1e8vcs8._.js:776
[  132090ms] [LOG] [Fast Refresh] done in 379ms @ http://localhost:3000/_next/static/chunks/node_modules_next_dist_1e8vcs8._.js:776
[  132151ms] [LOG] [Fast Refresh] done in 379ms @ http://localhost:3000/_next/static/chunks/node_modules_next_dist_1e8vcs8._.js:776
[  132212ms] [LOG] [Fast Refresh] done in 379ms @ http://localhost:3000/_next/static/chunks/node_modules_next_dist_1e8vcs8._.js:776
[  132273ms] [LOG] [Fast Refresh] done in 379ms @ http://localhost:3000/_next/static/chunks/node_modules_next_dist_1e8vcs8._.js:776
[  132336ms] [LOG] [Fast Refresh] done in 379ms @ http://localhost:3000/_next/static/chunks/node_modules_next_dist_1e8vcs8._.js:776
[  132399ms] [LOG] [Fast Refresh] done in 379ms @ http://localhost:3000/_next/static/chunks/node_modules_next_dist_1e8vcs8._.js:776
[  132447ms] [LOG] [Fast Refresh] done in 379ms @ http://localhost:3000/_next/static/chunks/node_modules_next_dist_1e8vcs8._.js:776
[  132520ms] [LOG] [Fast Refresh] done in 379ms @ http://localhost:3000/_next/static/chunks/node_modules_next_dist_1e8vcs8._.js:776
[  132585ms] [LOG] [Fast Refresh] done in 379ms @ http://localhost:3000/_next/static/chunks/node_modules_next_dist_1e8vcs8._.js:776
[  132646ms] [LOG] [Fast Refresh] done in 379ms @ http://localhost:3000/_next/static/chunks/node_modules_next_dist_1e8vcs8._.js:776
[  132708ms] [LOG] [Fast Refresh] done in 379ms @ http://localhost:3000/_next/static/chunks/node_modules_next_dist_1e8vcs8._.js:776
[  132773ms] [LOG] [Fast Refresh] done in 379ms @ http://localhost:3000/_next/static/chunks/node_modules_next_dist_1e8vcs8._.js:776
[  132835ms] [LOG] [Fast Refresh] done in 379ms @ http://localhost:3000/_next/static/chunks/node_modules_next_dist_1e8vcs8._.js:776
[  132895ms] [LOG] [Fast Refresh] done in 379ms @ http://localhost:3000/_next/static/chunks/node_modules_next_dist_1e8vcs8._.js:776
[  132957ms] [LOG] [Fast Refresh] done in 379ms @ http://localhost:3000/_next/static/chunks/node_modules_next_dist_1e8vcs8._.js:776
[  133019ms] [LOG] [Fast Refresh] done in 379ms @ http://localhost:3000/_next/static/chunks/node_modules_next_dist_1e8vcs8._.js:776
[  133082ms] [LOG] [Fast Refresh] done in 379ms @ http://localhost:3000/_next/static/chunks/node_modules_next_dist_1e8vcs8._.js:776
[  133144ms] [LOG] [Fast Refresh] done in 379ms @ http://localhost:3000/_next/static/chunks/node_modules_next_dist_1e8vcs8._.js:776
[  133206ms] [LOG] [Fast Refresh] done in 379ms @ http://localhost:3000/_next/static/chunks/node_modules_next_dist_1e8vcs8._.js:776
[  133269ms] [LOG] [Fast Refresh] done in 379ms @ http://localhost:3000/_next/static/chunks/node_modules_next_dist_1e8vcs8._.js:776
[  133332ms] [LOG] [Fast Refresh] done in 379ms @ http://localhost:3000/_next/static/chunks/node_modules_next_dist_1e8vcs8._.js:776
[  133394ms] [LOG] [Fast Refresh] done in 379ms @ http://localhost:3000/_next/static/chunks/node_modules_next_dist_1e8vcs8._.js:776
[  133457ms] [LOG] [Fast Refresh] done in 379ms @ http://localhost:3000/_next/static/chunks/node_modules_next_dist_1e8vcs8._.js:776
[  133518ms] [LOG] [Fast Refresh] done in 379ms @ http://localhost:3000/_next/static/chunks/node_modules_next_dist_1e8vcs8._.js:776
[  133579ms] [LOG] [Fast Refresh] done in 379ms @ http://localhost:3000/_next/static/chunks/node_modules_next_dist_1e8vcs8._.js:776
[  133641ms] [LOG] [Fast Refresh] done in 379ms @ http://localhost:3000/_next/static/chunks/node_modules_next_dist_1e8vcs8._.js:776
[  133705ms] [LOG] [Fast Refresh] done in 379ms @ http://localhost:3000/_next/static/chunks/node_modules_next_dist_1e8vcs8._.js:776
[  133768ms] [LOG] [Fast Refresh] done in 379ms @ http://localhost:3000/_next/static/chunks/node_modules_next_dist_1e8vcs8._.js:776
[  133828ms] [LOG] [Fast Refresh] done in 379ms @ http://localhost:3000/_next/static/chunks/node_modules_next_dist_1e8vcs8._.js:776
[  133891ms] [LOG] [Fast Refresh] done in 379ms @ http://localhost:3000/_next/static/chunks/node_modules_next_dist_1e8vcs8._.js:776
[  133952ms] [LOG] [Fast Refresh] done in 379ms @ http://localhost:3000/_next/static/chunks/node_modules_next_dist_1e8vcs8._.js:776
[  134015ms] [LOG] [Fast Refresh] done in 379ms @ http://localhost:3000/_next/static/chunks/node_modules_next_dist_1e8vcs8._.js:776
[  134078ms] [LOG] [Fast Refresh] done in 379ms @ http://localhost:3000/_next/static/chunks/node_modules_next_dist_1e8vcs8._.js:776
[  134141ms] [LOG] [Fast Refresh] done in 379ms @ http://localhost:3000/_next/static/chunks/node_modules_next_dist_1e8vcs8._.js:776
[  134204ms] [LOG] [Fast Refresh] done in 379ms @ http://localhost:3000/_next/static/chunks/node_modules_next_dist_1e8vcs8._.js:776
[  134264ms] [LOG] [Fast Refresh] done in 379ms @ http://localhost:3000/_next/static/chunks/node_modules_next_dist_1e8vcs8._.js:776
[  134326ms] [LOG] [Fast Refresh] done in 379ms @ http://localhost:3000/_next/static/chunks/node_modules_next_dist_1e8vcs8._.js:776
[  134390ms] [LOG] [Fast Refresh] done in 379ms @ http://localhost:3000/_next/static/chunks/node_modules_next_dist_1e8vcs8._.js:776
[  134452ms] [LOG] [Fast Refresh] done in 379ms @ http://localhost:3000/_next/static/chunks/node_modules_next_dist_1e8vcs8._.js:776
[  134514ms] [LOG] [Fast Refresh] done in 379ms @ http://localhost:3000/_next/static/chunks/node_modules_next_dist_1e8vcs8._.js:776
[  134577ms] [LOG] [Fast Refresh] done in 379ms @ http://localhost:3000/_next/static/chunks/node_modules_next_dist_1e8vcs8._.js:776
[  134639ms] [LOG] [Fast Refresh] done in 379ms @ http://localhost:3000/_next/static/chunks/node_modules_next_dist_1e8vcs8._.js:776
[  134701ms] [LOG] [Fast Refresh] done in 379ms @ http://localhost:3000/_next/static/chunks/node_modules_next_dist_1e8vcs8._.js:776
[  134762ms] [LOG] [Fast Refresh] done in 379ms @ http://localhost:3000/_next/static/chunks/node_modules_next_dist_1e8vcs8._.js:776
[  134824ms] [LOG] [Fast Refresh] done in 379ms @ http://localhost:3000/_next/static/chunks/node_modules_next_dist_1e8vcs8._.js:776
[  134887ms] [LOG] [Fast Refresh] done in 379ms @ http://localhost:3000/_next/static/chunks/node_modules_next_dist_1e8vcs8._.js:776
[  134948ms] [LOG] [Fast Refresh] done in 379ms @ http://localhost:3000/_next/static/chunks/node_modules_next_dist_1e8vcs8._.js:776
[  135012ms] [LOG] [Fast Refresh] done in 379ms @ http://localhost:3000/_next/static/chunks/node_modules_next_dist_1e8vcs8._.js:776
[  135071ms] [LOG] [Fast Refresh] done in 379ms @ http://localhost:3000/_next/static/chunks/node_modules_next_dist_1e8vcs8._.js:776
[  135134ms] [LOG] [Fast Refresh] done in 379ms @ http://localhost:3000/_next/static/chunks/node_modules_next_dist_1e8vcs8._.js:776
[  135197ms] [LOG] [Fast Refresh] done in 379ms @ http://localhost:3000/_next/static/chunks/node_modules_next_dist_1e8vcs8._.js:776
[  135259ms] [LOG] [Fast Refresh] done in 379ms @ http://localhost:3000/_next/static/chunks/node_modules_next_dist_1e8vcs8._.js:776
[  135323ms] [LOG] [Fast Refresh] done in 379ms @ http://localhost:3000/_next/static/chunks/node_modules_next_dist_1e8vcs8._.js:776
[  135371ms] [LOG] [Fast Refresh] done in 379ms @ http://localhost:3000/_next/static/chunks/node_modules_next_dist_1e8vcs8._.js:776
[  135434ms] [LOG] [Fast Refresh] done in 379ms @ http://localhost:3000/_next/static/chunks/node_modules_next_dist_1e8vcs8._.js:776
[  135496ms] [LOG] [Fast Refresh] done in 379ms @ http://localhost:3000/_next/static/chunks/node_modules_next_dist_1e8vcs8._.js:776
[  135558ms] [LOG] [Fast Refresh] done in 379ms @ http://localhost:3000/_next/static/chunks/node_modules_next_dist_1e8vcs8._.js:776
[  135621ms] [LOG] [Fast Refresh] done in 379ms @ http://localhost:3000/_next/static/chunks/node_modules_next_dist_1e8vcs8._.js:776
[  135684ms] [LOG] [Fast Refresh] done in 379ms @ http://localhost:3000/_next/static/chunks/node_modules_next_dist_1e8vcs8._.js:776
[  135748ms] [LOG] [Fast Refresh] done in 379ms @ http://localhost:3000/_next/static/chunks/node_modules_next_dist_1e8vcs8._.js:776
[  135811ms] [LOG] [Fast Refresh] done in 379ms @ http://localhost:3000/_next/static/chunks/node_modules_next_dist_1e8vcs8._.js:776
[  135872ms] [LOG] [Fast Refresh] done in 379ms @ http://localhost:3000/_next/static/chunks/node_modules_next_dist_1e8vcs8._.js:776
[  135934ms] [LOG] [Fast Refresh] done in 379ms @ http://localhost:3000/_next/static/chunks/node_modules_next_dist_1e8vcs8._.js:776
[  135996ms] [LOG] [Fast Refresh] done in 379ms @ http://localhost:3000/_next/static/chunks/node_modules_next_dist_1e8vcs8._.js:776
[  136058ms] [LOG] [Fast Refresh] done in 379ms @ http://localhost:3000/_next/static/chunks/node_modules_next_dist_1e8vcs8._.js:776
[  136119ms] [LOG] [Fast Refresh] done in 379ms @ http://localhost:3000/_next/static/chunks/node_modules_next_dist_1e8vcs8._.js:776
[  136181ms] [LOG] [Fast Refresh] done in 379ms @ http://localhost:3000/_next/static/chunks/node_modules_next_dist_1e8vcs8._.js:776
[  136241ms] [LOG] [Fast Refresh] done in 379ms @ http://localhost:3000/_next/static/chunks/node_modules_next_dist_1e8vcs8._.js:776
[  136305ms] [LOG] [Fast Refresh] done in 379ms @ http://localhost:3000/_next/static/chunks/node_modules_next_dist_1e8vcs8._.js:776
[  136367ms] [LOG] [Fast Refresh] done in 379ms @ http://localhost:3000/_next/static/chunks/node_modules_next_dist_1e8vcs8._.js:776
[  136428ms] [LOG] [Fast Refresh] done in 379ms @ http://localhost:3000/_next/static/chunks/node_modules_next_dist_1e8vcs8._.js:776
[  136490ms] [LOG] [Fast Refresh] done in 379ms @ http://localhost:3000/_next/static/chunks/node_modules_next_dist_1e8vcs8._.js:776
[  136538ms] [LOG] [Fast Refresh] done in 379ms @ http://localhost:3000/_next/static/chunks/node_modules_next_dist_1e8vcs8._.js:776
[  136601ms] [LOG] [Fast Refresh] done in 379ms @ http://localhost:3000/_next/static/chunks/node_modules_next_dist_1e8vcs8._.js:776
[  136663ms] [LOG] [Fast Refresh] done in 379ms @ http://localhost:3000/_next/static/chunks/node_modules_next_dist_1e8vcs8._.js:776
[  136723ms] [LOG] [Fast Refresh] done in 379ms @ http://localhost:3000/_next/static/chunks/node_modules_next_dist_1e8vcs8._.js:776
[  136786ms] [LOG] [Fast Refresh] done in 379ms @ http://localhost:3000/_next/static/chunks/node_modules_next_dist_1e8vcs8._.js:776
[  136847ms] [LOG] [Fast Refresh] done in 379ms @ http://localhost:3000/_next/static/chunks/node_modules_next_dist_1e8vcs8._.js:776
[  136909ms] [LOG] [Fast Refresh] done in 379ms @ http://localhost:3000/_next/static/chunks/node_modules_next_dist_1e8vcs8._.js:776
[  136973ms] [LOG] [Fast Refresh] done in 379ms @ http://localhost:3000/_next/static/chunks/node_modules_next_dist_1e8vcs8._.js:776
[  137035ms] [LOG] [Fast Refresh] done in 379ms @ http://localhost:3000/_next/static/chunks/node_modules_next_dist_1e8vcs8._.js:776
[  137097ms] [LOG] [Fast Refresh] done in 379ms @ http://localhost:3000/_next/static/chunks/node_modules_next_dist_1e8vcs8._.js:776
[  137160ms] [LOG] [Fast Refresh] done in 379ms @ http://localhost:3000/_next/static/chunks/node_modules_next_dist_1e8vcs8._.js:776
[  137221ms] [LOG] [Fast Refresh] done in 379ms @ http://localhost:3000/_next/static/chunks/node_modules_next_dist_1e8vcs8._.js:776
[  137284ms] [LOG] [Fast Refresh] done in 379ms @ http://localhost:3000/_next/static/chunks/node_modules_next_dist_1e8vcs8._.js:776
[  137345ms] [LOG] [Fast Refresh] done in 379ms @ http://localhost:3000/_next/static/chunks/node_modules_next_dist_1e8vcs8._.js:776
[  137407ms] [LOG] [Fast Refresh] done in 379ms @ http://localhost:3000/_next/static/chunks/node_modules_next_dist_1e8vcs8._.js:776
[  137469ms] [LOG] [Fast Refresh] done in 379ms @ http://localhost:3000/_next/static/chunks/node_modules_next_dist_1e8vcs8._.js:776
[  137532ms] [LOG] [Fast Refresh] done in 379ms @ http://localhost:3000/_next/static/chunks/node_modules_next_dist_1e8vcs8._.js:776
[  137592ms] [LOG] [Fast Refresh] done in 379ms @ http://localhost:3000/_next/static/chunks/node_modules_next_dist_1e8vcs8._.js:776
[  137655ms] [LOG] [Fast Refresh] done in 379ms @ http://localhost:3000/_next/static/chunks/node_modules_next_dist_1e8vcs8._.js:776
[  137718ms] [LOG] [Fast Refresh] done in 379ms @ http://localhost:3000/_next/static/chunks/node_modules_next_dist_1e8vcs8._.js:776
[  137778ms] [LOG] [Fast Refresh] done in 379ms @ http://localhost:3000/_next/static/chunks/node_modules_next_dist_1e8vcs8._.js:776
[  137841ms] [LOG] [Fast Refresh] done in 379ms @ http://localhost:3000/_next/static/chunks/node_modules_next_dist_1e8vcs8._.js:776
[  137903ms] [LOG] [Fast Refresh] done in 379ms @ http://localhost:3000/_next/static/chunks/node_modules_next_dist_1e8vcs8._.js:776
[  137964ms] [LOG] [Fast Refresh] done in 379ms @ http://localhost:3000/_next/static/chunks/node_modules_next_dist_1e8vcs8._.js:776
[  138027ms] [LOG] [Fast Refresh] done in 379ms @ http://localhost:3000/_next/static/chunks/node_modules_next_dist_1e8vcs8._.js:776
[  138088ms] [LOG] [Fast Refresh] done in 379ms @ http://localhost:3000/_next/static/chunks/node_modules_next_dist_1e8vcs8._.js:776
[  138150ms] [LOG] [Fast Refresh] done in 379ms @ http://localhost:3000/_next/static/chunks/node_modules_next_dist_1e8vcs8._.js:776
[  138213ms] [LOG] [Fast Refresh] done in 379ms @ http://localhost:3000/_next/static/chunks/node_modules_next_dist_1e8vcs8._.js:776
[  138275ms] [LOG] [Fast Refresh] done in 379ms @ http://localhost:3000/_next/static/chunks/node_modules_next_dist_1e8vcs8._.js:776
[  138337ms] [LOG] [Fast Refresh] done in 379ms @ http://localhost:3000/_next/static/chunks/node_modules_next_dist_1e8vcs8._.js:776
[  138401ms] [LOG] [Fast Refresh] done in 379ms @ http://localhost:3000/_next/static/chunks/node_modules_next_dist_1e8vcs8._.js:776
[  138463ms] [LOG] [Fast Refresh] done in 379ms @ http://localhost:3000/_next/static/chunks/node_modules_next_dist_1e8vcs8._.js:776
[  138525ms] [LOG] [Fast Refresh] done in 379ms @ http://localhost:3000/_next/static/chunks/node_modules_next_dist_1e8vcs8._.js:776
[  138586ms] [LOG] [Fast Refresh] done in 379ms @ http://localhost:3000/_next/static/chunks/node_modules_next_dist_1e8vcs8._.js:776
[  138650ms] [LOG] [Fast Refresh] done in 379ms @ http://localhost:3000/_next/static/chunks/node_modules_next_dist_1e8vcs8._.js:776
[  138713ms] [LOG] [Fast Refresh] done in 379ms @ http://localhost:3000/_next/static/chunks/node_modules_next_dist_1e8vcs8._.js:776
[  138773ms] [LOG] [Fast Refresh] done in 379ms @ http://localhost:3000/_next/static/chunks/node_modules_next_dist_1e8vcs8._.js:776
[  138836ms] [LOG] [Fast Refresh] done in 379ms @ http://localhost:3000/_next/static/chunks/node_modules_next_dist_1e8vcs8._.js:776
[  138899ms] [LOG] [Fast Refresh] done in 379ms @ http://localhost:3000/_next/static/chunks/node_modules_next_dist_1e8vcs8._.js:776
[  138962ms] [LOG] [Fast Refresh] done in 379ms @ http://localhost:3000/_next/static/chunks/node_modules_next_dist_1e8vcs8._.js:776
[  139022ms] [LOG] [Fast Refresh] done in 379ms @ http://localhost:3000/_next/static/chunks/node_modules_next_dist_1e8vcs8._.js:776
[  139084ms] [LOG] [Fast Refresh] done in 379ms @ http://localhost:3000/_next/static/chunks/node_modules_next_dist_1e8vcs8._.js:776
[  139145ms] [LOG] [Fast Refresh] done in 379ms @ http://localhost:3000/_next/static/chunks/node_modules_next_dist_1e8vcs8._.js:776
[  139192ms] [LOG] [Fast Refresh] done in 379ms @ http://localhost:3000/_next/static/chunks/node_modules_next_dist_1e8vcs8._.js:776
[  139253ms] [LOG] [Fast Refresh] done in 379ms @ http://localhost:3000/_next/static/chunks/node_modules_next_dist_1e8vcs8._.js:776
[  139314ms] [LOG] [Fast Refresh] done in 379ms @ http://localhost:3000/_next/static/chunks/node_modules_next_dist_1e8vcs8._.js:776
[  139376ms] [LOG] [Fast Refresh] done in 379ms @ http://localhost:3000/_next/static/chunks/node_modules_next_dist_1e8vcs8._.js:776
[  139438ms] [LOG] [Fast Refresh] done in 379ms @ http://localhost:3000/_next/static/chunks/node_modules_next_dist_1e8vcs8._.js:776
[  139502ms] [LOG] [Fast Refresh] done in 379ms @ http://localhost:3000/_next/static/chunks/node_modules_next_dist_1e8vcs8._.js:776
[  139562ms] [LOG] [Fast Refresh] done in 379ms @ http://localhost:3000/_next/static/chunks/node_modules_next_dist_1e8vcs8._.js:776
[  139622ms] [LOG] [Fast Refresh] done in 379ms @ http://localhost:3000/_next/static/chunks/node_modules_next_dist_1e8vcs8._.js:776
[  139687ms] [LOG] [Fast Refresh] done in 379ms @ http://localhost:3000/_next/static/chunks/node_modules_next_dist_1e8vcs8._.js:776
[  139750ms] [LOG] [Fast Refresh] done in 379ms @ http://localhost:3000/_next/static/chunks/node_modules_next_dist_1e8vcs8._.js:776
[  139815ms] [LOG] [Fast Refresh] done in 379ms @ http://localhost:3000/_next/static/chunks/node_modules_next_dist_1e8vcs8._.js:776
[  139876ms] [LOG] [Fast Refresh] done in 379ms @ http://localhost:3000/_next/static/chunks/node_modules_next_dist_1e8vcs8._.js:776
[  139938ms] [LOG] [Fast Refresh] done in 379ms @ http://localhost:3000/_next/static/chunks/node_modules_next_dist_1e8vcs8._.js:776
[  140001ms] [LOG] [Fast Refresh] done in 379ms @ http://localhost:3000/_next/static/chunks/node_modules_next_dist_1e8vcs8._.js:776
[  140063ms] [LOG] [Fast Refresh] done in 379ms @ http://localhost:3000/_next/static/chunks/node_modules_next_dist_1e8vcs8._.js:776
[  140126ms] [LOG] [Fast Refresh] done in 379ms @ http://localhost:3000/_next/static/chunks/node_modules_next_dist_1e8vcs8._.js:776
[  140188ms] [LOG] [Fast Refresh] done in 379ms @ http://localhost:3000/_next/static/chunks/node_modules_next_dist_1e8vcs8._.js:776
[  140251ms] [LOG] [Fast Refresh] done in 379ms @ http://localhost:3000/_next/static/chunks/node_modules_next_dist_1e8vcs8._.js:776
[  140313ms] [LOG] [Fast Refresh] done in 379ms @ http://localhost:3000/_next/static/chunks/node_modules_next_dist_1e8vcs8._.js:776
[  140376ms] [LOG] [Fast Refresh] done in 379ms @ http://localhost:3000/_next/static/chunks/node_modules_next_dist_1e8vcs8._.js:776
[  140438ms] [LOG] [Fast Refresh] done in 379ms @ http://localhost:3000/_next/static/chunks/node_modules_next_dist_1e8vcs8._.js:776
[  140501ms] [LOG] [Fast Refresh] done in 379ms @ http://localhost:3000/_next/static/chunks/node_modules_next_dist_1e8vcs8._.js:776
[  140562ms] [LOG] [Fast Refresh] done in 379ms @ http://localhost:3000/_next/static/chunks/node_modules_next_dist_1e8vcs8._.js:776
[  140623ms] [LOG] [Fast Refresh] done in 379ms @ http://localhost:3000/_next/static/chunks/node_modules_next_dist_1e8vcs8._.js:776
[  140684ms] [LOG] [Fast Refresh] done in 379ms @ http://localhost:3000/_next/static/chunks/node_modules_next_dist_1e8vcs8._.js:776
[  140746ms] [LOG] [Fast Refresh] done in 379ms @ http://localhost:3000/_next/static/chunks/node_modules_next_dist_1e8vcs8._.js:776
[  140807ms] [LOG] [Fast Refresh] done in 379ms @ http://localhost:3000/_next/static/chunks/node_modules_next_dist_1e8vcs8._.js:776
[  140869ms] [LOG] [Fast Refresh] done in 379ms @ http://localhost:3000/_next/static/chunks/node_modules_next_dist_1e8vcs8._.js:776
[  140929ms] [LOG] [Fast Refresh] done in 379ms @ http://localhost:3000/_next/static/chunks/node_modules_next_dist_1e8vcs8._.js:776
[  140993ms] [LOG] [Fast Refresh] done in 379ms @ http://localhost:3000/_next/static/chunks/node_modules_next_dist_1e8vcs8._.js:776
[  141055ms] [LOG] [Fast Refresh] done in 379ms @ http://localhost:3000/_next/static/chunks/node_modules_next_dist_1e8vcs8._.js:776
[  141160ms] [LOG] [Fast Refresh] done in 379ms @ http://localhost:3000/_next/static/chunks/node_modules_next_dist_1e8vcs8._.js:776
[  141227ms] [LOG] [Fast Refresh] done in 379ms @ http://localhost:3000/_next/static/chunks/node_modules_next_dist_1e8vcs8._.js:776
[  141292ms] [LOG] [Fast Refresh] done in 379ms @ http://localhost:3000/_next/static/chunks/node_modules_next_dist_1e8vcs8._.js:776
[  141351ms] [LOG] [Fast Refresh] done in 379ms @ http://localhost:3000/_next/static/chunks/node_modules_next_dist_1e8vcs8._.js:776
[  141412ms] [LOG] [Fast Refresh] done in 379ms @ http://localhost:3000/_next/static/chunks/node_modules_next_dist_1e8vcs8._.js:776
[  141474ms] [LOG] [Fast Refresh] done in 379ms @ http://localhost:3000/_next/static/chunks/node_modules_next_dist_1e8vcs8._.js:776
[  141537ms] [LOG] [Fast Refresh] done in 379ms @ http://localhost:3000/_next/static/chunks/node_modules_next_dist_1e8vcs8._.js:776
[  141600ms] [LOG] [Fast Refresh] done in 379ms @ http://localhost:3000/_next/static/chunks/node_modules_next_dist_1e8vcs8._.js:776
[  141660ms] [LOG] [Fast Refresh] done in 379ms @ http://localhost:3000/_next/static/chunks/node_modules_next_dist_1e8vcs8._.js:776
[  141723ms] [LOG] [Fast Refresh] done in 379ms @ http://localhost:3000/_next/static/chunks/node_modules_next_dist_1e8vcs8._.js:776
[  141785ms] [LOG] [Fast Refresh] done in 379ms @ http://localhost:3000/_next/static/chunks/node_modules_next_dist_1e8vcs8._.js:776
[  141848ms] [LOG] [Fast Refresh] done in 379ms @ http://localhost:3000/_next/static/chunks/node_modules_next_dist_1e8vcs8._.js:776
[  141908ms] [LOG] [Fast Refresh] done in 379ms @ http://localhost:3000/_next/static/chunks/node_modules_next_dist_1e8vcs8._.js:776
[  141971ms] [LOG] [Fast Refresh] done in 379ms @ http://localhost:3000/_next/static/chunks/node_modules_next_dist_1e8vcs8._.js:776
[  142033ms] [LOG] [Fast Refresh] done in 379ms @ http://localhost:3000/_next/static/chunks/node_modules_next_dist_1e8vcs8._.js:776
[  142095ms] [LOG] [Fast Refresh] done in 379ms @ http://localhost:3000/_next/static/chunks/node_modules_next_dist_1e8vcs8._.js:776
[  142156ms] [LOG] [Fast Refresh] done in 379ms @ http://localhost:3000/_next/static/chunks/node_modules_next_dist_1e8vcs8._.js:776
[  142218ms] [LOG] [Fast Refresh] done in 379ms @ http://localhost:3000/_next/static/chunks/node_modules_next_dist_1e8vcs8._.js:776
[  142281ms] [LOG] [Fast Refresh] done in 379ms @ http://localhost:3000/_next/static/chunks/node_modules_next_dist_1e8vcs8._.js:776
[  142342ms] [LOG] [Fast Refresh] done in 379ms @ http://localhost:3000/_next/static/chunks/node_modules_next_dist_1e8vcs8._.js:776
[  142404ms] [LOG] [Fast Refresh] done in 379ms @ http://localhost:3000/_next/static/chunks/node_modules_next_dist_1e8vcs8._.js:776
[  142467ms] [LOG] [Fast Refresh] done in 379ms @ http://localhost:3000/_next/static/chunks/node_modules_next_dist_1e8vcs8._.js:776
[  142531ms] [LOG] [Fast Refresh] done in 379ms @ http://localhost:3000/_next/static/chunks/node_modules_next_dist_1e8vcs8._.js:776
[  142593ms] [LOG] [Fast Refresh] done in 379ms @ http://localhost:3000/_next/static/chunks/node_modules_next_dist_1e8vcs8._.js:776
[  142654ms] [LOG] [Fast Refresh] done in 379ms @ http://localhost:3000/_next/static/chunks/node_modules_next_dist_1e8vcs8._.js:776
[  142717ms] [LOG] [Fast Refresh] done in 379ms @ http://localhost:3000/_next/static/chunks/node_modules_next_dist_1e8vcs8._.js:776
[  142779ms] [LOG] [Fast Refresh] done in 379ms @ http://localhost:3000/_next/static/chunks/node_modules_next_dist_1e8vcs8._.js:776
[  142838ms] [LOG] [Fast Refresh] done in 379ms @ http://localhost:3000/_next/static/chunks/node_modules_next_dist_1e8vcs8._.js:776
[  142901ms] [LOG] [Fast Refresh] done in 379ms @ http://localhost:3000/_next/static/chunks/node_modules_next_dist_1e8vcs8._.js:776
[  142961ms] [LOG] [Fast Refresh] done in 379ms @ http://localhost:3000/_next/static/chunks/node_modules_next_dist_1e8vcs8._.js:776
[  143024ms] [LOG] [Fast Refresh] done in 379ms @ http://localhost:3000/_next/static/chunks/node_modules_next_dist_1e8vcs8._.js:776
[  143086ms] [LOG] [Fast Refresh] done in 379ms @ http://localhost:3000/_next/static/chunks/node_modules_next_dist_1e8vcs8._.js:776
[  143147ms] [LOG] [Fast Refresh] done in 379ms @ http://localhost:3000/_next/static/chunks/node_modules_next_dist_1e8vcs8._.js:776
[  143212ms] [LOG] [Fast Refresh] done in 379ms @ http://localhost:3000/_next/static/chunks/node_modules_next_dist_1e8vcs8._.js:776
[  143275ms] [LOG] [Fast Refresh] done in 379ms @ http://localhost:3000/_next/static/chunks/node_modules_next_dist_1e8vcs8._.js:776
[  143335ms] [LOG] [Fast Refresh] done in 379ms @ http://localhost:3000/_next/static/chunks/node_modules_next_dist_1e8vcs8._.js:776
[  143399ms] [LOG] [Fast Refresh] done in 379ms @ http://localhost:3000/_next/static/chunks/node_modules_next_dist_1e8vcs8._.js:776
[  143461ms] [LOG] [Fast Refresh] done in 379ms @ http://localhost:3000/_next/static/chunks/node_modules_next_dist_1e8vcs8._.js:776
[  143508ms] [LOG] [Fast Refresh] done in 379ms @ http://localhost:3000/_next/static/chunks/node_modules_next_dist_1e8vcs8._.js:776
[  143570ms] [LOG] [Fast Refresh] done in 379ms @ http://localhost:3000/_next/static/chunks/node_modules_next_dist_1e8vcs8._.js:776
[  143632ms] [LOG] [Fast Refresh] done in 379ms @ http://localhost:3000/_next/static/chunks/node_modules_next_dist_1e8vcs8._.js:776
[  143694ms] [LOG] [Fast Refresh] done in 379ms @ http://localhost:3000/_next/static/chunks/node_modules_next_dist_1e8vcs8._.js:776
[  143757ms] [LOG] [Fast Refresh] done in 379ms @ http://localhost:3000/_next/static/chunks/node_modules_next_dist_1e8vcs8._.js:776
[  143818ms] [LOG] [Fast Refresh] done in 379ms @ http://localhost:3000/_next/static/chunks/node_modules_next_dist_1e8vcs8._.js:776
[  143882ms] [LOG] [Fast Refresh] done in 379ms @ http://localhost:3000/_next/static/chunks/node_modules_next_dist_1e8vcs8._.js:776
[  143942ms] [LOG] [Fast Refresh] done in 379ms @ http://localhost:3000/_next/static/chunks/node_modules_next_dist_1e8vcs8._.js:776
[  144004ms] [LOG] [Fast Refresh] done in 379ms @ http://localhost:3000/_next/static/chunks/node_modules_next_dist_1e8vcs8._.js:776
[  144065ms] [LOG] [Fast Refresh] done in 379ms @ http://localhost:3000/_next/static/chunks/node_modules_next_dist_1e8vcs8._.js:776
[  144129ms] [LOG] [Fast Refresh] done in 379ms @ http://localhost:3000/_next/static/chunks/node_modules_next_dist_1e8vcs8._.js:776
[  144191ms] [LOG] [Fast Refresh] done in 379ms @ http://localhost:3000/_next/static/chunks/node_modules_next_dist_1e8vcs8._.js:776
[  144254ms] [LOG] [Fast Refresh] done in 379ms @ http://localhost:3000/_next/static/chunks/node_modules_next_dist_1e8vcs8._.js:776
[  144316ms] [LOG] [Fast Refresh] done in 379ms @ http://localhost:3000/_next/static/chunks/node_modules_next_dist_1e8vcs8._.js:776
[  144378ms] [LOG] [Fast Refresh] done in 379ms @ http://localhost:3000/_next/static/chunks/node_modules_next_dist_1e8vcs8._.js:776
[  144440ms] [LOG] [Fast Refresh] done in 379ms @ http://localhost:3000/_next/static/chunks/node_modules_next_dist_1e8vcs8._.js:776
[  144502ms] [LOG] [Fast Refresh] done in 379ms @ http://localhost:3000/_next/static/chunks/node_modules_next_dist_1e8vcs8._.js:776
[  144564ms] [LOG] [Fast Refresh] done in 379ms @ http://localhost:3000/_next/static/chunks/node_modules_next_dist_1e8vcs8._.js:776
[  144624ms] [LOG] [Fast Refresh] done in 379ms @ http://localhost:3000/_next/static/chunks/node_modules_next_dist_1e8vcs8._.js:776
[  144686ms] [LOG] [Fast Refresh] done in 379ms @ http://localhost:3000/_next/static/chunks/node_modules_next_dist_1e8vcs8._.js:776
[  144749ms] [LOG] [Fast Refresh] done in 379ms @ http://localhost:3000/_next/static/chunks/node_modules_next_dist_1e8vcs8._.js:776
[  144811ms] [LOG] [Fast Refresh] done in 379ms @ http://localhost:3000/_next/static/chunks/node_modules_next_dist_1e8vcs8._.js:776
[  144873ms] [LOG] [Fast Refresh] done in 379ms @ http://localhost:3000/_next/static/chunks/node_modules_next_dist_1e8vcs8._.js:776
[  144935ms] [LOG] [Fast Refresh] done in 379ms @ http://localhost:3000/_next/static/chunks/node_modules_next_dist_1e8vcs8._.js:776
[  144999ms] [LOG] [Fast Refresh] done in 379ms @ http://localhost:3000/_next/static/chunks/node_modules_next_dist_1e8vcs8._.js:776
[  145061ms] [LOG] [Fast Refresh] done in 379ms @ http://localhost:3000/_next/static/chunks/node_modules_next_dist_1e8vcs8._.js:776
[  145124ms] [LOG] [Fast Refresh] done in 379ms @ http://localhost:3000/_next/static/chunks/node_modules_next_dist_1e8vcs8._.js:776
[  145186ms] [LOG] [Fast Refresh] done in 379ms @ http://localhost:3000/_next/static/chunks/node_modules_next_dist_1e8vcs8._.js:776
[  145249ms] [LOG] [Fast Refresh] done in 379ms @ http://localhost:3000/_next/static/chunks/node_modules_next_dist_1e8vcs8._.js:776
[  145310ms] [LOG] [Fast Refresh] done in 379ms @ http://localhost:3000/_next/static/chunks/node_modules_next_dist_1e8vcs8._.js:776
[  145372ms] [LOG] [Fast Refresh] done in 379ms @ http://localhost:3000/_next/static/chunks/node_modules_next_dist_1e8vcs8._.js:776
[  145435ms] [LOG] [Fast Refresh] done in 379ms @ http://localhost:3000/_next/static/chunks/node_modules_next_dist_1e8vcs8._.js:776
[  145497ms] [LOG] [Fast Refresh] done in 379ms @ http://localhost:3000/_next/static/chunks/node_modules_next_dist_1e8vcs8._.js:776
[  145558ms] [LOG] [Fast Refresh] done in 379ms @ http://localhost:3000/_next/static/chunks/node_modules_next_dist_1e8vcs8._.js:776
[  145622ms] [LOG] [Fast Refresh] done in 379ms @ http://localhost:3000/_next/static/chunks/node_modules_next_dist_1e8vcs8._.js:776
[  145729ms] [LOG] [Fast Refresh] done in 379ms @ http://localhost:3000/_next/static/chunks/node_modules_next_dist_1e8vcs8._.js:776
[  145791ms] [LOG] [Fast Refresh] done in 379ms @ http://localhost:3000/_next/static/chunks/node_modules_next_dist_1e8vcs8._.js:776
[  145854ms] [LOG] [Fast Refresh] done in 379ms @ http://localhost:3000/_next/static/chunks/node_modules_next_dist_1e8vcs8._.js:776
[  145916ms] [LOG] [Fast Refresh] done in 379ms @ http://localhost:3000/_next/static/chunks/node_modules_next_dist_1e8vcs8._.js:776
[  145978ms] [LOG] [Fast Refresh] done in 379ms @ http://localhost:3000/_next/static/chunks/node_modules_next_dist_1e8vcs8._.js:776
[  146040ms] [LOG] [Fast Refresh] done in 379ms @ http://localhost:3000/_next/static/chunks/node_modules_next_dist_1e8vcs8._.js:776
[  146102ms] [LOG] [Fast Refresh] done in 379ms @ http://localhost:3000/_next/static/chunks/node_modules_next_dist_1e8vcs8._.js:776
[  146165ms] [LOG] [Fast Refresh] done in 379ms @ http://localhost:3000/_next/static/chunks/node_modules_next_dist_1e8vcs8._.js:776
[  146225ms] [LOG] [Fast Refresh] done in 379ms @ http://localhost:3000/_next/static/chunks/node_modules_next_dist_1e8vcs8._.js:776
[  146286ms] [LOG] [Fast Refresh] done in 379ms @ http://localhost:3000/_next/static/chunks/node_modules_next_dist_1e8vcs8._.js:776
[  146347ms] [LOG] [Fast Refresh] done in 379ms @ http://localhost:3000/_next/static/chunks/node_modules_next_dist_1e8vcs8._.js:776
[  146410ms] [LOG] [Fast Refresh] done in 379ms @ http://localhost:3000/_next/static/chunks/node_modules_next_dist_1e8vcs8._.js:776
[  146472ms] [LOG] [Fast Refresh] done in 379ms @ http://localhost:3000/_next/static/chunks/node_modules_next_dist_1e8vcs8._.js:776
[  146535ms] [LOG] [Fast Refresh] done in 379ms @ http://localhost:3000/_next/static/chunks/node_modules_next_dist_1e8vcs8._.js:776
[  146598ms] [LOG] [Fast Refresh] done in 379ms @ http://localhost:3000/_next/static/chunks/node_modules_next_dist_1e8vcs8._.js:776
[  146659ms] [LOG] [Fast Refresh] done in 379ms @ http://localhost:3000/_next/static/chunks/node_modules_next_dist_1e8vcs8._.js:776
[  146723ms] [LOG] [Fast Refresh] done in 379ms @ http://localhost:3000/_next/static/chunks/node_modules_next_dist_1e8vcs8._.js:776
[  146782ms] [LOG] [Fast Refresh] done in 379ms @ http://localhost:3000/_next/static/chunks/node_modules_next_dist_1e8vcs8._.js:776
[  146843ms] [LOG] [Fast Refresh] done in 379ms @ http://localhost:3000/_next/static/chunks/node_modules_next_dist_1e8vcs8._.js:776
[  146904ms] [LOG] [Fast Refresh] done in 379ms @ http://localhost:3000/_next/static/chunks/node_modules_next_dist_1e8vcs8._.js:776
[  146968ms] [LOG] [Fast Refresh] done in 379ms @ http://localhost:3000/_next/static/chunks/node_modules_next_dist_1e8vcs8._.js:776
[  147029ms] [LOG] [Fast Refresh] done in 379ms @ http://localhost:3000/_next/static/chunks/node_modules_next_dist_1e8vcs8._.js:776
[  147091ms] [LOG] [Fast Refresh] done in 379ms @ http://localhost:3000/_next/static/chunks/node_modules_next_dist_1e8vcs8._.js:776
[  147156ms] [LOG] [Fast Refresh] done in 379ms @ http://localhost:3000/_next/static/chunks/node_modules_next_dist_1e8vcs8._.js:776
[  147218ms] [LOG] [Fast Refresh] done in 379ms @ http://localhost:3000/_next/static/chunks/node_modules_next_dist_1e8vcs8._.js:776
[  147279ms] [LOG] [Fast Refresh] done in 379ms @ http://localhost:3000/_next/static/chunks/node_modules_next_dist_1e8vcs8._.js:776
[  147338ms] [LOG] [Fast Refresh] done in 379ms @ http://localhost:3000/_next/static/chunks/node_modules_next_dist_1e8vcs8._.js:776
[  147398ms] [LOG] [Fast Refresh] done in 379ms @ http://localhost:3000/_next/static/chunks/node_modules_next_dist_1e8vcs8._.js:776
[  147461ms] [LOG] [Fast Refresh] done in 379ms @ http://localhost:3000/_next/static/chunks/node_modules_next_dist_1e8vcs8._.js:776
[  147524ms] [LOG] [Fast Refresh] done in 379ms @ http://localhost:3000/_next/static/chunks/node_modules_next_dist_1e8vcs8._.js:776
[  147584ms] [LOG] [Fast Refresh] done in 379ms @ http://localhost:3000/_next/static/chunks/node_modules_next_dist_1e8vcs8._.js:776
[  147646ms] [LOG] [Fast Refresh] done in 379ms @ http://localhost:3000/_next/static/chunks/node_modules_next_dist_1e8vcs8._.js:776
[  147707ms] [LOG] [Fast Refresh] done in 379ms @ http://localhost:3000/_next/static/chunks/node_modules_next_dist_1e8vcs8._.js:776
[  147769ms] [LOG] [Fast Refresh] done in 379ms @ http://localhost:3000/_next/static/chunks/node_modules_next_dist_1e8vcs8._.js:776
[  147831ms] [LOG] [Fast Refresh] done in 379ms @ http://localhost:3000/_next/static/chunks/node_modules_next_dist_1e8vcs8._.js:776
[  147894ms] [LOG] [Fast Refresh] done in 379ms @ http://localhost:3000/_next/static/chunks/node_modules_next_dist_1e8vcs8._.js:776
[  147955ms] [LOG] [Fast Refresh] done in 379ms @ http://localhost:3000/_next/static/chunks/node_modules_next_dist_1e8vcs8._.js:776
[  148016ms] [LOG] [Fast Refresh] done in 379ms @ http://localhost:3000/_next/static/chunks/node_modules_next_dist_1e8vcs8._.js:776
[  148077ms] [LOG] [Fast Refresh] done in 379ms @ http://localhost:3000/_next/static/chunks/node_modules_next_dist_1e8vcs8._.js:776
[  148139ms] [LOG] [Fast Refresh] done in 379ms @ http://localhost:3000/_next/static/chunks/node_modules_next_dist_1e8vcs8._.js:776
[  148201ms] [LOG] [Fast Refresh] done in 379ms @ http://localhost:3000/_next/static/chunks/node_modules_next_dist_1e8vcs8._.js:776
[  148263ms] [LOG] [Fast Refresh] done in 379ms @ http://localhost:3000/_next/static/chunks/node_modules_next_dist_1e8vcs8._.js:776
[  148325ms] [LOG] [Fast Refresh] done in 379ms @ http://localhost:3000/_next/static/chunks/node_modules_next_dist_1e8vcs8._.js:776
[  148389ms] [LOG] [Fast Refresh] done in 379ms @ http://localhost:3000/_next/static/chunks/node_modules_next_dist_1e8vcs8._.js:776
[  148451ms] [LOG] [Fast Refresh] done in 379ms @ http://localhost:3000/_next/static/chunks/node_modules_next_dist_1e8vcs8._.js:776
[  148517ms] [LOG] [Fast Refresh] done in 379ms @ http://localhost:3000/_next/static/chunks/node_modules_next_dist_1e8vcs8._.js:776
[  148578ms] [LOG] [Fast Refresh] done in 379ms @ http://localhost:3000/_next/static/chunks/node_modules_next_dist_1e8vcs8._.js:776
[  148640ms] [LOG] [Fast Refresh] done in 379ms @ http://localhost:3000/_next/static/chunks/node_modules_next_dist_1e8vcs8._.js:776
[  148702ms] [LOG] [Fast Refresh] done in 379ms @ http://localhost:3000/_next/static/chunks/node_modules_next_dist_1e8vcs8._.js:776
[  148764ms] [LOG] [Fast Refresh] done in 379ms @ http://localhost:3000/_next/static/chunks/node_modules_next_dist_1e8vcs8._.js:776
[  148828ms] [LOG] [Fast Refresh] done in 379ms @ http://localhost:3000/_next/static/chunks/node_modules_next_dist_1e8vcs8._.js:776
[  148889ms] [LOG] [Fast Refresh] done in 379ms @ http://localhost:3000/_next/static/chunks/node_modules_next_dist_1e8vcs8._.js:776
[  148950ms] [LOG] [Fast Refresh] done in 379ms @ http://localhost:3000/_next/static/chunks/node_modules_next_dist_1e8vcs8._.js:776
[  149016ms] [LOG] [Fast Refresh] done in 379ms @ http://localhost:3000/_next/static/chunks/node_modules_next_dist_1e8vcs8._.js:776
[  149076ms] [LOG] [Fast Refresh] done in 379ms @ http://localhost:3000/_next/static/chunks/node_modules_next_dist_1e8vcs8._.js:776
[  149138ms] [LOG] [Fast Refresh] done in 379ms @ http://localhost:3000/_next/static/chunks/node_modules_next_dist_1e8vcs8._.js:776
[  149185ms] [LOG] [Fast Refresh] done in 379ms @ http://localhost:3000/_next/static/chunks/node_modules_next_dist_1e8vcs8._.js:776
[  149249ms] [LOG] [Fast Refresh] done in 379ms @ http://localhost:3000/_next/static/chunks/node_modules_next_dist_1e8vcs8._.js:776
[  149310ms] [LOG] [Fast Refresh] done in 379ms @ http://localhost:3000/_next/static/chunks/node_modules_next_dist_1e8vcs8._.js:776
[  149359ms] [LOG] [Fast Refresh] done in 379ms @ http://localhost:3000/_next/static/chunks/node_modules_next_dist_1e8vcs8._.js:776
[  149421ms] [LOG] [Fast Refresh] done in 379ms @ http://localhost:3000/_next/static/chunks/node_modules_next_dist_1e8vcs8._.js:776
[  149483ms] [LOG] [Fast Refresh] done in 379ms @ http://localhost:3000/_next/static/chunks/node_modules_next_dist_1e8vcs8._.js:776
[  149544ms] [LOG] [Fast Refresh] done in 379ms @ http://localhost:3000/_next/static/chunks/node_modules_next_dist_1e8vcs8._.js:776
[  149609ms] [LOG] [Fast Refresh] done in 379ms @ http://localhost:3000/_next/static/chunks/node_modules_next_dist_1e8vcs8._.js:776
[  149670ms] [LOG] [Fast Refresh] done in 379ms @ http://localhost:3000/_next/static/chunks/node_modules_next_dist_1e8vcs8._.js:776
[  149732ms] [LOG] [Fast Refresh] done in 379ms @ http://localhost:3000/_next/static/chunks/node_modules_next_dist_1e8vcs8._.js:776
[  149793ms] [LOG] [Fast Refresh] done in 379ms @ http://localhost:3000/_next/static/chunks/node_modules_next_dist_1e8vcs8._.js:776
[  149856ms] [LOG] [Fast Refresh] done in 379ms @ http://localhost:3000/_next/static/chunks/node_modules_next_dist_1e8vcs8._.js:776
[  149917ms] [LOG] [Fast Refresh] done in 379ms @ http://localhost:3000/_next/static/chunks/node_modules_next_dist_1e8vcs8._.js:776
[  149980ms] [LOG] [Fast Refresh] done in 379ms @ http://localhost:3000/_next/static/chunks/node_modules_next_dist_1e8vcs8._.js:776
[  150042ms] [LOG] [Fast Refresh] done in 379ms @ http://localhost:3000/_next/static/chunks/node_modules_next_dist_1e8vcs8._.js:776
[  150103ms] [LOG] [Fast Refresh] done in 379ms @ http://localhost:3000/_next/static/chunks/node_modules_next_dist_1e8vcs8._.js:776
[  150165ms] [LOG] [Fast Refresh] done in 379ms @ http://localhost:3000/_next/static/chunks/node_modules_next_dist_1e8vcs8._.js:776
[  150227ms] [LOG] [Fast Refresh] done in 379ms @ http://localhost:3000/_next/static/chunks/node_modules_next_dist_1e8vcs8._.js:776
[  150289ms] [LOG] [Fast Refresh] done in 379ms @ http://localhost:3000/_next/static/chunks/node_modules_next_dist_1e8vcs8._.js:776
[  150354ms] [LOG] [Fast Refresh] done in 379ms @ http://localhost:3000/_next/static/chunks/node_modules_next_dist_1e8vcs8._.js:776
[  150415ms] [LOG] [Fast Refresh] done in 379ms @ http://localhost:3000/_next/static/chunks/node_modules_next_dist_1e8vcs8._.js:776
[  150479ms] [LOG] [Fast Refresh] done in 379ms @ http://localhost:3000/_next/static/chunks/node_modules_next_dist_1e8vcs8._.js:776
[  150543ms] [LOG] [Fast Refresh] done in 379ms @ http://localhost:3000/_next/static/chunks/node_modules_next_dist_1e8vcs8._.js:776
[  150605ms] [LOG] [Fast Refresh] done in 379ms @ http://localhost:3000/_next/static/chunks/node_modules_next_dist_1e8vcs8._.js:776
[  150666ms] [LOG] [Fast Refresh] done in 379ms @ http://localhost:3000/_next/static/chunks/node_modules_next_dist_1e8vcs8._.js:776
[  150714ms] [LOG] [Fast Refresh] done in 379ms @ http://localhost:3000/_next/static/chunks/node_modules_next_dist_1e8vcs8._.js:776
[  150786ms] [LOG] [Fast Refresh] done in 379ms @ http://localhost:3000/_next/static/chunks/node_modules_next_dist_1e8vcs8._.js:776
[  150854ms] [LOG] [Fast Refresh] done in 379ms @ http://localhost:3000/_next/static/chunks/node_modules_next_dist_1e8vcs8._.js:776
[  150915ms] [LOG] [Fast Refresh] done in 379ms @ http://localhost:3000/_next/static/chunks/node_modules_next_dist_1e8vcs8._.js:776
[  150978ms] [LOG] [Fast Refresh] done in 379ms @ http://localhost:3000/_next/static/chunks/node_modules_next_dist_1e8vcs8._.js:776
[  151040ms] [LOG] [Fast Refresh] done in 379ms @ http://localhost:3000/_next/static/chunks/node_modules_next_dist_1e8vcs8._.js:776
[  151102ms] [LOG] [Fast Refresh] done in 379ms @ http://localhost:3000/_next/static/chunks/node_modules_next_dist_1e8vcs8._.js:776
[  151164ms] [LOG] [Fast Refresh] done in 379ms @ http://localhost:3000/_next/static/chunks/node_modules_next_dist_1e8vcs8._.js:776
[  151225ms] [LOG] [Fast Refresh] done in 379ms @ http://localhost:3000/_next/static/chunks/node_modules_next_dist_1e8vcs8._.js:776
[  151286ms] [LOG] [Fast Refresh] done in 379ms @ http://localhost:3000/_next/static/chunks/node_modules_next_dist_1e8vcs8._.js:776
[  151349ms] [LOG] [Fast Refresh] done in 379ms @ http://localhost:3000/_next/static/chunks/node_modules_next_dist_1e8vcs8._.js:776
[  151411ms] [LOG] [Fast Refresh] done in 379ms @ http://localhost:3000/_next/static/chunks/node_modules_next_dist_1e8vcs8._.js:776
[  151473ms] [LOG] [Fast Refresh] done in 379ms @ http://localhost:3000/_next/static/chunks/node_modules_next_dist_1e8vcs8._.js:776
[  151536ms] [LOG] [Fast Refresh] done in 379ms @ http://localhost:3000/_next/static/chunks/node_modules_next_dist_1e8vcs8._.js:776
[  151599ms] [LOG] [Fast Refresh] done in 379ms @ http://localhost:3000/_next/static/chunks/node_modules_next_dist_1e8vcs8._.js:776
[  151662ms] [LOG] [Fast Refresh] done in 379ms @ http://localhost:3000/_next/static/chunks/node_modules_next_dist_1e8vcs8._.js:776
[  151726ms] [LOG] [Fast Refresh] done in 379ms @ http://localhost:3000/_next/static/chunks/node_modules_next_dist_1e8vcs8._.js:776
[  151789ms] [LOG] [Fast Refresh] done in 379ms @ http://localhost:3000/_next/static/chunks/node_modules_next_dist_1e8vcs8._.js:776
[  151850ms] [LOG] [Fast Refresh] done in 379ms @ http://localhost:3000/_next/static/chunks/node_modules_next_dist_1e8vcs8._.js:776
[  151911ms] [LOG] [Fast Refresh] done in 379ms @ http://localhost:3000/_next/static/chunks/node_modules_next_dist_1e8vcs8._.js:776
[  151974ms] [LOG] [Fast Refresh] done in 379ms @ http://localhost:3000/_next/static/chunks/node_modules_next_dist_1e8vcs8._.js:776
[  152036ms] [LOG] [Fast Refresh] done in 379ms @ http://localhost:3000/_next/static/chunks/node_modules_next_dist_1e8vcs8._.js:776
[  152098ms] [LOG] [Fast Refresh] done in 379ms @ http://localhost:3000/_next/static/chunks/node_modules_next_dist_1e8vcs8._.js:776
[  152160ms] [LOG] [Fast Refresh] done in 379ms @ http://localhost:3000/_next/static/chunks/node_modules_next_dist_1e8vcs8._.js:776
[  152222ms] [LOG] [Fast Refresh] done in 379ms @ http://localhost:3000/_next/static/chunks/node_modules_next_dist_1e8vcs8._.js:776
[  152285ms] [LOG] [Fast Refresh] done in 379ms @ http://localhost:3000/_next/static/chunks/node_modules_next_dist_1e8vcs8._.js:776
[  152346ms] [LOG] [Fast Refresh] done in 379ms @ http://localhost:3000/_next/static/chunks/node_modules_next_dist_1e8vcs8._.js:776
[  152409ms] [LOG] [Fast Refresh] done in 379ms @ http://localhost:3000/_next/static/chunks/node_modules_next_dist_1e8vcs8._.js:776
[  152473ms] [LOG] [Fast Refresh] done in 379ms @ http://localhost:3000/_next/static/chunks/node_modules_next_dist_1e8vcs8._.js:776
[  152535ms] [LOG] [Fast Refresh] done in 379ms @ http://localhost:3000/_next/static/chunks/node_modules_next_dist_1e8vcs8._.js:776
[  152597ms] [LOG] [Fast Refresh] done in 379ms @ http://localhost:3000/_next/static/chunks/node_modules_next_dist_1e8vcs8._.js:776
[  152658ms] [LOG] [Fast Refresh] done in 379ms @ http://localhost:3000/_next/static/chunks/node_modules_next_dist_1e8vcs8._.js:776
[  152722ms] [LOG] [Fast Refresh] done in 379ms @ http://localhost:3000/_next/static/chunks/node_modules_next_dist_1e8vcs8._.js:776
[  152784ms] [LOG] [Fast Refresh] done in 379ms @ http://localhost:3000/_next/static/chunks/node_modules_next_dist_1e8vcs8._.js:776
[  152847ms] [LOG] [Fast Refresh] done in 379ms @ http://localhost:3000/_next/static/chunks/node_modules_next_dist_1e8vcs8._.js:776
[  152907ms] [LOG] [Fast Refresh] done in 379ms @ http://localhost:3000/_next/static/chunks/node_modules_next_dist_1e8vcs8._.js:776
[  152968ms] [LOG] [Fast Refresh] done in 379ms @ http://localhost:3000/_next/static/chunks/node_modules_next_dist_1e8vcs8._.js:776
[  153031ms] [LOG] [Fast Refresh] done in 379ms @ http://localhost:3000/_next/static/chunks/node_modules_next_dist_1e8vcs8._.js:776
[  153093ms] [LOG] [Fast Refresh] done in 379ms @ http://localhost:3000/_next/static/chunks/node_modules_next_dist_1e8vcs8._.js:776
[  153171ms] [LOG] [Fast Refresh] done in 379ms @ http://localhost:3000/_next/static/chunks/node_modules_next_dist_1e8vcs8._.js:776
[  153234ms] [LOG] [Fast Refresh] done in 379ms @ http://localhost:3000/_next/static/chunks/node_modules_next_dist_1e8vcs8._.js:776
[  153297ms] [LOG] [Fast Refresh] done in 379ms @ http://localhost:3000/_next/static/chunks/node_modules_next_dist_1e8vcs8._.js:776
[  153359ms] [LOG] [Fast Refresh] done in 379ms @ http://localhost:3000/_next/static/chunks/node_modules_next_dist_1e8vcs8._.js:776
[  153421ms] [LOG] [Fast Refresh] done in 379ms @ http://localhost:3000/_next/static/chunks/node_modules_next_dist_1e8vcs8._.js:776
[  153484ms] [LOG] [Fast Refresh] done in 379ms @ http://localhost:3000/_next/static/chunks/node_modules_next_dist_1e8vcs8._.js:776
[  153547ms] [LOG] [Fast Refresh] done in 379ms @ http://localhost:3000/_next/static/chunks/node_modules_next_dist_1e8vcs8._.js:776
[  153611ms] [LOG] [Fast Refresh] done in 379ms @ http://localhost:3000/_next/static/chunks/node_modules_next_dist_1e8vcs8._.js:776
[  153672ms] [LOG] [Fast Refresh] done in 379ms @ http://localhost:3000/_next/static/chunks/node_modules_next_dist_1e8vcs8._.js:776
[  153735ms] [LOG] [Fast Refresh] done in 379ms @ http://localhost:3000/_next/static/chunks/node_modules_next_dist_1e8vcs8._.js:776
[  153798ms] [LOG] [Fast Refresh] done in 379ms @ http://localhost:3000/_next/static/chunks/node_modules_next_dist_1e8vcs8._.js:776
[  153860ms] [LOG] [Fast Refresh] done in 379ms @ http://localhost:3000/_next/static/chunks/node_modules_next_dist_1e8vcs8._.js:776
[  153924ms] [LOG] [Fast Refresh] done in 379ms @ http://localhost:3000/_next/static/chunks/node_modules_next_dist_1e8vcs8._.js:776
[  153983ms] [LOG] [Fast Refresh] done in 379ms @ http://localhost:3000/_next/static/chunks/node_modules_next_dist_1e8vcs8._.js:776
[  154043ms] [LOG] [Fast Refresh] done in 379ms @ http://localhost:3000/_next/static/chunks/node_modules_next_dist_1e8vcs8._.js:776
[  154106ms] [LOG] [Fast Refresh] done in 379ms @ http://localhost:3000/_next/static/chunks/node_modules_next_dist_1e8vcs8._.js:776
[  154168ms] [LOG] [Fast Refresh] done in 379ms @ http://localhost:3000/_next/static/chunks/node_modules_next_dist_1e8vcs8._.js:776
[  154231ms] [LOG] [Fast Refresh] done in 379ms @ http://localhost:3000/_next/static/chunks/node_modules_next_dist_1e8vcs8._.js:776
[  154293ms] [LOG] [Fast Refresh] done in 379ms @ http://localhost:3000/_next/static/chunks/node_modules_next_dist_1e8vcs8._.js:776
[  154354ms] [LOG] [Fast Refresh] done in 379ms @ http://localhost:3000/_next/static/chunks/node_modules_next_dist_1e8vcs8._.js:776
[  154417ms] [LOG] [Fast Refresh] done in 379ms @ http://localhost:3000/_next/static/chunks/node_modules_next_dist_1e8vcs8._.js:776
[  154480ms] [LOG] [Fast Refresh] done in 379ms @ http://localhost:3000/_next/static/chunks/node_modules_next_dist_1e8vcs8._.js:776
[  154540ms] [LOG] [Fast Refresh] done in 379ms @ http://localhost:3000/_next/static/chunks/node_modules_next_dist_1e8vcs8._.js:776
[  154603ms] [LOG] [Fast Refresh] done in 379ms @ http://localhost:3000/_next/static/chunks/node_modules_next_dist_1e8vcs8._.js:776
[  154665ms] [LOG] [Fast Refresh] done in 379ms @ http://localhost:3000/_next/static/chunks/node_modules_next_dist_1e8vcs8._.js:776
[  154726ms] [LOG] [Fast Refresh] done in 379ms @ http://localhost:3000/_next/static/chunks/node_modules_next_dist_1e8vcs8._.js:776
[  154788ms] [LOG] [Fast Refresh] done in 379ms @ http://localhost:3000/_next/static/chunks/node_modules_next_dist_1e8vcs8._.js:776
[  154850ms] [LOG] [Fast Refresh] done in 379ms @ http://localhost:3000/_next/static/chunks/node_modules_next_dist_1e8vcs8._.js:776
[  154912ms] [LOG] [Fast Refresh] done in 379ms @ http://localhost:3000/_next/static/chunks/node_modules_next_dist_1e8vcs8._.js:776
[  154972ms] [LOG] [Fast Refresh] done in 379ms @ http://localhost:3000/_next/static/chunks/node_modules_next_dist_1e8vcs8._.js:776
[  155034ms] [LOG] [Fast Refresh] done in 379ms @ http://localhost:3000/_next/static/chunks/node_modules_next_dist_1e8vcs8._.js:776
[  155097ms] [LOG] [Fast Refresh] done in 379ms @ http://localhost:3000/_next/static/chunks/node_modules_next_dist_1e8vcs8._.js:776
[  155159ms] [LOG] [Fast Refresh] done in 379ms @ http://localhost:3000/_next/static/chunks/node_modules_next_dist_1e8vcs8._.js:776
[  155221ms] [LOG] [Fast Refresh] done in 379ms @ http://localhost:3000/_next/static/chunks/node_modules_next_dist_1e8vcs8._.js:776
[  155282ms] [LOG] [Fast Refresh] done in 379ms @ http://localhost:3000/_next/static/chunks/node_modules_next_dist_1e8vcs8._.js:776
[  155343ms] [LOG] [Fast Refresh] done in 379ms @ http://localhost:3000/_next/static/chunks/node_modules_next_dist_1e8vcs8._.js:776
[  155405ms] [LOG] [Fast Refresh] done in 379ms @ http://localhost:3000/_next/static/chunks/node_modules_next_dist_1e8vcs8._.js:776
[  155467ms] [LOG] [Fast Refresh] done in 379ms @ http://localhost:3000/_next/static/chunks/node_modules_next_dist_1e8vcs8._.js:776
[  155527ms] [LOG] [Fast Refresh] done in 379ms @ http://localhost:3000/_next/static/chunks/node_modules_next_dist_1e8vcs8._.js:776
[  155588ms] [LOG] [Fast Refresh] done in 379ms @ http://localhost:3000/_next/static/chunks/node_modules_next_dist_1e8vcs8._.js:776
[  155652ms] [LOG] [Fast Refresh] done in 379ms @ http://localhost:3000/_next/static/chunks/node_modules_next_dist_1e8vcs8._.js:776
[  155722ms] [LOG] [Fast Refresh] done in 379ms @ http://localhost:3000/_next/static/chunks/node_modules_next_dist_1e8vcs8._.js:776
[  155774ms] [LOG] [Fast Refresh] done in 379ms @ http://localhost:3000/_next/static/chunks/node_modules_next_dist_1e8vcs8._.js:776
[  155837ms] [LOG] [Fast Refresh] done in 379ms @ http://localhost:3000/_next/static/chunks/node_modules_next_dist_1e8vcs8._.js:776
[  155899ms] [LOG] [Fast Refresh] done in 379ms @ http://localhost:3000/_next/static/chunks/node_modules_next_dist_1e8vcs8._.js:776
[  155964ms] [LOG] [Fast Refresh] done in 379ms @ http://localhost:3000/_next/static/chunks/node_modules_next_dist_1e8vcs8._.js:776
[  156023ms] [LOG] [Fast Refresh] done in 379ms @ http://localhost:3000/_next/static/chunks/node_modules_next_dist_1e8vcs8._.js:776
[  156085ms] [LOG] [Fast Refresh] done in 379ms @ http://localhost:3000/_next/static/chunks/node_modules_next_dist_1e8vcs8._.js:776
[  156148ms] [LOG] [Fast Refresh] done in 379ms @ http://localhost:3000/_next/static/chunks/node_modules_next_dist_1e8vcs8._.js:776
[  156208ms] [LOG] [Fast Refresh] done in 379ms @ http://localhost:3000/_next/static/chunks/node_modules_next_dist_1e8vcs8._.js:776
[  156269ms] [LOG] [Fast Refresh] done in 379ms @ http://localhost:3000/_next/static/chunks/node_modules_next_dist_1e8vcs8._.js:776
[  156333ms] [LOG] [Fast Refresh] done in 379ms @ http://localhost:3000/_next/static/chunks/node_modules_next_dist_1e8vcs8._.js:776
[  156395ms] [LOG] [Fast Refresh] done in 379ms @ http://localhost:3000/_next/static/chunks/node_modules_next_dist_1e8vcs8._.js:776
[  156457ms] [LOG] [Fast Refresh] done in 379ms @ http://localhost:3000/_next/static/chunks/node_modules_next_dist_1e8vcs8._.js:776
[  156518ms] [LOG] [Fast Refresh] done in 379ms @ http://localhost:3000/_next/static/chunks/node_modules_next_dist_1e8vcs8._.js:776
[  156580ms] [LOG] [Fast Refresh] done in 379ms @ http://localhost:3000/_next/static/chunks/node_modules_next_dist_1e8vcs8._.js:776
[  156643ms] [LOG] [Fast Refresh] done in 379ms @ http://localhost:3000/_next/static/chunks/node_modules_next_dist_1e8vcs8._.js:776
[  156704ms] [LOG] [Fast Refresh] done in 379ms @ http://localhost:3000/_next/static/chunks/node_modules_next_dist_1e8vcs8._.js:776
[  156766ms] [LOG] [Fast Refresh] done in 379ms @ http://localhost:3000/_next/static/chunks/node_modules_next_dist_1e8vcs8._.js:776
[  156829ms] [LOG] [Fast Refresh] done in 379ms @ http://localhost:3000/_next/static/chunks/node_modules_next_dist_1e8vcs8._.js:776
[  156890ms] [LOG] [Fast Refresh] done in 379ms @ http://localhost:3000/_next/static/chunks/node_modules_next_dist_1e8vcs8._.js:776
[  156951ms] [LOG] [Fast Refresh] done in 379ms @ http://localhost:3000/_next/static/chunks/node_modules_next_dist_1e8vcs8._.js:776
[  157014ms] [LOG] [Fast Refresh] done in 379ms @ http://localhost:3000/_next/static/chunks/node_modules_next_dist_1e8vcs8._.js:776
[  157077ms] [LOG] [Fast Refresh] done in 379ms @ http://localhost:3000/_next/static/chunks/node_modules_next_dist_1e8vcs8._.js:776
[  157140ms] [LOG] [Fast Refresh] done in 379ms @ http://localhost:3000/_next/static/chunks/node_modules_next_dist_1e8vcs8._.js:776
[  157202ms] [LOG] [Fast Refresh] done in 379ms @ http://localhost:3000/_next/static/chunks/node_modules_next_dist_1e8vcs8._.js:776
[  157263ms] [LOG] [Fast Refresh] done in 379ms @ http://localhost:3000/_next/static/chunks/node_modules_next_dist_1e8vcs8._.js:776
[  157325ms] [LOG] [Fast Refresh] done in 379ms @ http://localhost:3000/_next/static/chunks/node_modules_next_dist_1e8vcs8._.js:776
[  157388ms] [LOG] [Fast Refresh] done in 379ms @ http://localhost:3000/_next/static/chunks/node_modules_next_dist_1e8vcs8._.js:776
[  157450ms] [LOG] [Fast Refresh] done in 379ms @ http://localhost:3000/_next/static/chunks/node_modules_next_dist_1e8vcs8._.js:776
[  157513ms] [LOG] [Fast Refresh] done in 379ms @ http://localhost:3000/_next/static/chunks/node_modules_next_dist_1e8vcs8._.js:776
[  157574ms] [LOG] [Fast Refresh] done in 379ms @ http://localhost:3000/_next/static/chunks/node_modules_next_dist_1e8vcs8._.js:776
[  157636ms] [LOG] [Fast Refresh] done in 379ms @ http://localhost:3000/_next/static/chunks/node_modules_next_dist_1e8vcs8._.js:776
[  157698ms] [LOG] [Fast Refresh] done in 379ms @ http://localhost:3000/_next/static/chunks/node_modules_next_dist_1e8vcs8._.js:776
[  157761ms] [LOG] [Fast Refresh] done in 379ms @ http://localhost:3000/_next/static/chunks/node_modules_next_dist_1e8vcs8._.js:776
[  157822ms] [LOG] [Fast Refresh] done in 379ms @ http://localhost:3000/_next/static/chunks/node_modules_next_dist_1e8vcs8._.js:776
[  157884ms] [LOG] [Fast Refresh] done in 379ms @ http://localhost:3000/_next/static/chunks/node_modules_next_dist_1e8vcs8._.js:776
[  157946ms] [LOG] [Fast Refresh] done in 379ms @ http://localhost:3000/_next/static/chunks/node_modules_next_dist_1e8vcs8._.js:776
[  158007ms] [LOG] [Fast Refresh] done in 379ms @ http://localhost:3000/_next/static/chunks/node_modules_next_dist_1e8vcs8._.js:776
[  158069ms] [LOG] [Fast Refresh] done in 379ms @ http://localhost:3000/_next/static/chunks/node_modules_next_dist_1e8vcs8._.js:776
[  158131ms] [LOG] [Fast Refresh] done in 379ms @ http://localhost:3000/_next/static/chunks/node_modules_next_dist_1e8vcs8._.js:776
[  158193ms] [LOG] [Fast Refresh] done in 379ms @ http://localhost:3000/_next/static/chunks/node_modules_next_dist_1e8vcs8._.js:776
[  158254ms] [LOG] [Fast Refresh] done in 379ms @ http://localhost:3000/_next/static/chunks/node_modules_next_dist_1e8vcs8._.js:776
[  158317ms] [LOG] [Fast Refresh] done in 379ms @ http://localhost:3000/_next/static/chunks/node_modules_next_dist_1e8vcs8._.js:776
[  158380ms] [LOG] [Fast Refresh] done in 379ms @ http://localhost:3000/_next/static/chunks/node_modules_next_dist_1e8vcs8._.js:776
[  158442ms] [LOG] [Fast Refresh] done in 379ms @ http://localhost:3000/_next/static/chunks/node_modules_next_dist_1e8vcs8._.js:776
[  158504ms] [LOG] [Fast Refresh] done in 379ms @ http://localhost:3000/_next/static/chunks/node_modules_next_dist_1e8vcs8._.js:776
[  158567ms] [LOG] [Fast Refresh] done in 379ms @ http://localhost:3000/_next/static/chunks/node_modules_next_dist_1e8vcs8._.js:776
[  158630ms] [LOG] [Fast Refresh] done in 379ms @ http://localhost:3000/_next/static/chunks/node_modules_next_dist_1e8vcs8._.js:776
[  158693ms] [LOG] [Fast Refresh] done in 379ms @ http://localhost:3000/_next/static/chunks/node_modules_next_dist_1e8vcs8._.js:776
[  158756ms] [LOG] [Fast Refresh] done in 379ms @ http://localhost:3000/_next/static/chunks/node_modules_next_dist_1e8vcs8._.js:776
[  158818ms] [LOG] [Fast Refresh] done in 379ms @ http://localhost:3000/_next/static/chunks/node_modules_next_dist_1e8vcs8._.js:776
[  158881ms] [LOG] [Fast Refresh] done in 379ms @ http://localhost:3000/_next/static/chunks/node_modules_next_dist_1e8vcs8._.js:776
[  158941ms] [LOG] [Fast Refresh] done in 379ms @ http://localhost:3000/_next/static/chunks/node_modules_next_dist_1e8vcs8._.js:776
[  159004ms] [LOG] [Fast Refresh] done in 379ms @ http://localhost:3000/_next/static/chunks/node_modules_next_dist_1e8vcs8._.js:776
[  159066ms] [LOG] [Fast Refresh] done in 379ms @ http://localhost:3000/_next/static/chunks/node_modules_next_dist_1e8vcs8._.js:776
[  159127ms] [LOG] [Fast Refresh] done in 379ms @ http://localhost:3000/_next/static/chunks/node_modules_next_dist_1e8vcs8._.js:776
[  159190ms] [LOG] [Fast Refresh] done in 379ms @ http://localhost:3000/_next/static/chunks/node_modules_next_dist_1e8vcs8._.js:776
[  159252ms] [LOG] [Fast Refresh] done in 379ms @ http://localhost:3000/_next/static/chunks/node_modules_next_dist_1e8vcs8._.js:776
[  159313ms] [LOG] [Fast Refresh] done in 379ms @ http://localhost:3000/_next/static/chunks/node_modules_next_dist_1e8vcs8._.js:776
[  159374ms] [LOG] [Fast Refresh] done in 379ms @ http://localhost:3000/_next/static/chunks/node_modules_next_dist_1e8vcs8._.js:776
[  159436ms] [LOG] [Fast Refresh] done in 379ms @ http://localhost:3000/_next/static/chunks/node_modules_next_dist_1e8vcs8._.js:776
[  159499ms] [LOG] [Fast Refresh] done in 379ms @ http://localhost:3000/_next/static/chunks/node_modules_next_dist_1e8vcs8._.js:776
[  159562ms] [LOG] [Fast Refresh] done in 379ms @ http://localhost:3000/_next/static/chunks/node_modules_next_dist_1e8vcs8._.js:776
[  159623ms] [LOG] [Fast Refresh] done in 379ms @ http://localhost:3000/_next/static/chunks/node_modules_next_dist_1e8vcs8._.js:776
[  159685ms] [LOG] [Fast Refresh] done in 379ms @ http://localhost:3000/_next/static/chunks/node_modules_next_dist_1e8vcs8._.js:776
[  159746ms] [LOG] [Fast Refresh] done in 379ms @ http://localhost:3000/_next/static/chunks/node_modules_next_dist_1e8vcs8._.js:776
[  159808ms] [LOG] [Fast Refresh] done in 379ms @ http://localhost:3000/_next/static/chunks/node_modules_next_dist_1e8vcs8._.js:776
[  159872ms] [LOG] [Fast Refresh] done in 379ms @ http://localhost:3000/_next/static/chunks/node_modules_next_dist_1e8vcs8._.js:776
[  159934ms] [LOG] [Fast Refresh] done in 379ms @ http://localhost:3000/_next/static/chunks/node_modules_next_dist_1e8vcs8._.js:776
[  159998ms] [LOG] [Fast Refresh] done in 379ms @ http://localhost:3000/_next/static/chunks/node_modules_next_dist_1e8vcs8._.js:776
[  160086ms] [LOG] [Fast Refresh] done in 379ms @ http://localhost:3000/_next/static/chunks/node_modules_next_dist_1e8vcs8._.js:776
[  160154ms] [LOG] [Fast Refresh] done in 379ms @ http://localhost:3000/_next/static/chunks/node_modules_next_dist_1e8vcs8._.js:776
[  160200ms] [LOG] [Fast Refresh] done in 379ms @ http://localhost:3000/_next/static/chunks/node_modules_next_dist_1e8vcs8._.js:776
[  160264ms] [LOG] [Fast Refresh] done in 379ms @ http://localhost:3000/_next/static/chunks/node_modules_next_dist_1e8vcs8._.js:776
[  160328ms] [LOG] [Fast Refresh] done in 379ms @ http://localhost:3000/_next/static/chunks/node_modules_next_dist_1e8vcs8._.js:776
[  160388ms] [LOG] [Fast Refresh] done in 379ms @ http://localhost:3000/_next/static/chunks/node_modules_next_dist_1e8vcs8._.js:776
[  160450ms] [LOG] [Fast Refresh] done in 379ms @ http://localhost:3000/_next/static/chunks/node_modules_next_dist_1e8vcs8._.js:776
[  160514ms] [LOG] [Fast Refresh] done in 379ms @ http://localhost:3000/_next/static/chunks/node_modules_next_dist_1e8vcs8._.js:776
[  160561ms] [LOG] [Fast Refresh] done in 379ms @ http://localhost:3000/_next/static/chunks/node_modules_next_dist_1e8vcs8._.js:776
[  160624ms] [LOG] [Fast Refresh] done in 379ms @ http://localhost:3000/_next/static/chunks/node_modules_next_dist_1e8vcs8._.js:776
[  160686ms] [LOG] [Fast Refresh] done in 379ms @ http://localhost:3000/_next/static/chunks/node_modules_next_dist_1e8vcs8._.js:776
[  160748ms] [LOG] [Fast Refresh] done in 379ms @ http://localhost:3000/_next/static/chunks/node_modules_next_dist_1e8vcs8._.js:776
[  160811ms] [LOG] [Fast Refresh] done in 379ms @ http://localhost:3000/_next/static/chunks/node_modules_next_dist_1e8vcs8._.js:776
[  160873ms] [LOG] [Fast Refresh] done in 379ms @ http://localhost:3000/_next/static/chunks/node_modules_next_dist_1e8vcs8._.js:776
[  160935ms] [LOG] [Fast Refresh] done in 379ms @ http://localhost:3000/_next/static/chunks/node_modules_next_dist_1e8vcs8._.js:776
[  160997ms] [LOG] [Fast Refresh] done in 379ms @ http://localhost:3000/_next/static/chunks/node_modules_next_dist_1e8vcs8._.js:776
[  161060ms] [LOG] [Fast Refresh] done in 379ms @ http://localhost:3000/_next/static/chunks/node_modules_next_dist_1e8vcs8._.js:776
[  161123ms] [LOG] [Fast Refresh] done in 379ms @ http://localhost:3000/_next/static/chunks/node_modules_next_dist_1e8vcs8._.js:776
[  161185ms] [LOG] [Fast Refresh] done in 379ms @ http://localhost:3000/_next/static/chunks/node_modules_next_dist_1e8vcs8._.js:776
[  161247ms] [LOG] [Fast Refresh] done in 379ms @ http://localhost:3000/_next/static/chunks/node_modules_next_dist_1e8vcs8._.js:776
[  161308ms] [LOG] [Fast Refresh] done in 379ms @ http://localhost:3000/_next/static/chunks/node_modules_next_dist_1e8vcs8._.js:776
[  161373ms] [LOG] [Fast Refresh] done in 379ms @ http://localhost:3000/_next/static/chunks/node_modules_next_dist_1e8vcs8._.js:776
[  161435ms] [LOG] [Fast Refresh] done in 379ms @ http://localhost:3000/_next/static/chunks/node_modules_next_dist_1e8vcs8._.js:776
[  161498ms] [LOG] [Fast Refresh] done in 379ms @ http://localhost:3000/_next/static/chunks/node_modules_next_dist_1e8vcs8._.js:776
[  161561ms] [LOG] [Fast Refresh] done in 379ms @ http://localhost:3000/_next/static/chunks/node_modules_next_dist_1e8vcs8._.js:776
[  161623ms] [LOG] [Fast Refresh] done in 379ms @ http://localhost:3000/_next/static/chunks/node_modules_next_dist_1e8vcs8._.js:776
[  161685ms] [LOG] [Fast Refresh] done in 379ms @ http://localhost:3000/_next/static/chunks/node_modules_next_dist_1e8vcs8._.js:776
[  161748ms] [LOG] [Fast Refresh] done in 379ms @ http://localhost:3000/_next/static/chunks/node_modules_next_dist_1e8vcs8._.js:776
[  161809ms] [LOG] [Fast Refresh] done in 379ms @ http://localhost:3000/_next/static/chunks/node_modules_next_dist_1e8vcs8._.js:776
[  161872ms] [LOG] [Fast Refresh] done in 379ms @ http://localhost:3000/_next/static/chunks/node_modules_next_dist_1e8vcs8._.js:776
[  161935ms] [LOG] [Fast Refresh] done in 379ms @ http://localhost:3000/_next/static/chunks/node_modules_next_dist_1e8vcs8._.js:776
[  161997ms] [LOG] [Fast Refresh] done in 379ms @ http://localhost:3000/_next/static/chunks/node_modules_next_dist_1e8vcs8._.js:776
[  162059ms] [LOG] [Fast Refresh] done in 379ms @ http://localhost:3000/_next/static/chunks/node_modules_next_dist_1e8vcs8._.js:776
[  162125ms] [LOG] [Fast Refresh] done in 379ms @ http://localhost:3000/_next/static/chunks/node_modules_next_dist_1e8vcs8._.js:776
[  162184ms] [LOG] [Fast Refresh] done in 379ms @ http://localhost:3000/_next/static/chunks/node_modules_next_dist_1e8vcs8._.js:776
[  162246ms] [LOG] [Fast Refresh] done in 379ms @ http://localhost:3000/_next/static/chunks/node_modules_next_dist_1e8vcs8._.js:776
[  162308ms] [LOG] [Fast Refresh] done in 379ms @ http://localhost:3000/_next/static/chunks/node_modules_next_dist_1e8vcs8._.js:776
[  162371ms] [LOG] [Fast Refresh] done in 379ms @ http://localhost:3000/_next/static/chunks/node_modules_next_dist_1e8vcs8._.js:776
[  162433ms] [LOG] [Fast Refresh] done in 379ms @ http://localhost:3000/_next/static/chunks/node_modules_next_dist_1e8vcs8._.js:776
[  162495ms] [LOG] [Fast Refresh] done in 379ms @ http://localhost:3000/_next/static/chunks/node_modules_next_dist_1e8vcs8._.js:776
[  162557ms] [LOG] [Fast Refresh] done in 379ms @ http://localhost:3000/_next/static/chunks/node_modules_next_dist_1e8vcs8._.js:776
[  162620ms] [LOG] [Fast Refresh] done in 379ms @ http://localhost:3000/_next/static/chunks/node_modules_next_dist_1e8vcs8._.js:776
[  162683ms] [LOG] [Fast Refresh] done in 379ms @ http://localhost:3000/_next/static/chunks/node_modules_next_dist_1e8vcs8._.js:776
[  162754ms] [LOG] [Fast Refresh] done in 379ms @ http://localhost:3000/_next/static/chunks/node_modules_next_dist_1e8vcs8._.js:776
[  162809ms] [LOG] [Fast Refresh] done in 379ms @ http://localhost:3000/_next/static/chunks/node_modules_next_dist_1e8vcs8._.js:776
[  162870ms] [LOG] [Fast Refresh] done in 379ms @ http://localhost:3000/_next/static/chunks/node_modules_next_dist_1e8vcs8._.js:776
[  162931ms] [LOG] [Fast Refresh] done in 379ms @ http://localhost:3000/_next/static/chunks/node_modules_next_dist_1e8vcs8._.js:776
[  162996ms] [LOG] [Fast Refresh] done in 379ms @ http://localhost:3000/_next/static/chunks/node_modules_next_dist_1e8vcs8._.js:776
[  163055ms] [LOG] [Fast Refresh] done in 379ms @ http://localhost:3000/_next/static/chunks/node_modules_next_dist_1e8vcs8._.js:776
[  163117ms] [LOG] [Fast Refresh] done in 379ms @ http://localhost:3000/_next/static/chunks/node_modules_next_dist_1e8vcs8._.js:776
[  163179ms] [LOG] [Fast Refresh] done in 379ms @ http://localhost:3000/_next/static/chunks/node_modules_next_dist_1e8vcs8._.js:776
[  163241ms] [LOG] [Fast Refresh] done in 379ms @ http://localhost:3000/_next/static/chunks/node_modules_next_dist_1e8vcs8._.js:776
[  163304ms] [LOG] [Fast Refresh] done in 379ms @ http://localhost:3000/_next/static/chunks/node_modules_next_dist_1e8vcs8._.js:776
[  163367ms] [LOG] [Fast Refresh] done in 379ms @ http://localhost:3000/_next/static/chunks/node_modules_next_dist_1e8vcs8._.js:776
[  163429ms] [LOG] [Fast Refresh] done in 379ms @ http://localhost:3000/_next/static/chunks/node_modules_next_dist_1e8vcs8._.js:776
[  163490ms] [LOG] [Fast Refresh] done in 379ms @ http://localhost:3000/_next/static/chunks/node_modules_next_dist_1e8vcs8._.js:776
[  163553ms] [LOG] [Fast Refresh] done in 379ms @ http://localhost:3000/_next/static/chunks/node_modules_next_dist_1e8vcs8._.js:776
[  163615ms] [LOG] [Fast Refresh] done in 379ms @ http://localhost:3000/_next/static/chunks/node_modules_next_dist_1e8vcs8._.js:776
[  163677ms] [LOG] [Fast Refresh] done in 379ms @ http://localhost:3000/_next/static/chunks/node_modules_next_dist_1e8vcs8._.js:776
[  163739ms] [LOG] [Fast Refresh] done in 379ms @ http://localhost:3000/_next/static/chunks/node_modules_next_dist_1e8vcs8._.js:776
[  163802ms] [LOG] [Fast Refresh] done in 379ms @ http://localhost:3000/_next/static/chunks/node_modules_next_dist_1e8vcs8._.js:776
[  163863ms] [LOG] [Fast Refresh] done in 379ms @ http://localhost:3000/_next/static/chunks/node_modules_next_dist_1e8vcs8._.js:776
[  163925ms] [LOG] [Fast Refresh] done in 379ms @ http://localhost:3000/_next/static/chunks/node_modules_next_dist_1e8vcs8._.js:776
[  163987ms] [LOG] [Fast Refresh] done in 379ms @ http://localhost:3000/_next/static/chunks/node_modules_next_dist_1e8vcs8._.js:776
[  164050ms] [LOG] [Fast Refresh] done in 379ms @ http://localhost:3000/_next/static/chunks/node_modules_next_dist_1e8vcs8._.js:776
[  164112ms] [LOG] [Fast Refresh] done in 379ms @ http://localhost:3000/_next/static/chunks/node_modules_next_dist_1e8vcs8._.js:776
[  164175ms] [LOG] [Fast Refresh] done in 379ms @ http://localhost:3000/_next/static/chunks/node_modules_next_dist_1e8vcs8._.js:776
[  164237ms] [LOG] [Fast Refresh] done in 379ms @ http://localhost:3000/_next/static/chunks/node_modules_next_dist_1e8vcs8._.js:776
[  164299ms] [LOG] [Fast Refresh] done in 379ms @ http://localhost:3000/_next/static/chunks/node_modules_next_dist_1e8vcs8._.js:776
[  164362ms] [LOG] [Fast Refresh] done in 379ms @ http://localhost:3000/_next/static/chunks/node_modules_next_dist_1e8vcs8._.js:776
[  164423ms] [LOG] [Fast Refresh] done in 379ms @ http://localhost:3000/_next/static/chunks/node_modules_next_dist_1e8vcs8._.js:776
[  164486ms] [LOG] [Fast Refresh] done in 379ms @ http://localhost:3000/_next/static/chunks/node_modules_next_dist_1e8vcs8._.js:776
[  164548ms] [LOG] [Fast Refresh] done in 379ms @ http://localhost:3000/_next/static/chunks/node_modules_next_dist_1e8vcs8._.js:776
[  164611ms] [LOG] [Fast Refresh] done in 379ms @ http://localhost:3000/_next/static/chunks/node_modules_next_dist_1e8vcs8._.js:776
[  164674ms] [LOG] [Fast Refresh] done in 379ms @ http://localhost:3000/_next/static/chunks/node_modules_next_dist_1e8vcs8._.js:776
[  164753ms] [LOG] [Fast Refresh] done in 379ms @ http://localhost:3000/_next/static/chunks/node_modules_next_dist_1e8vcs8._.js:776
[  164813ms] [LOG] [Fast Refresh] done in 379ms @ http://localhost:3000/_next/static/chunks/node_modules_next_dist_1e8vcs8._.js:776
[  164874ms] [LOG] [Fast Refresh] done in 379ms @ http://localhost:3000/_next/static/chunks/node_modules_next_dist_1e8vcs8._.js:776
[  164922ms] [LOG] [Fast Refresh] done in 379ms @ http://localhost:3000/_next/static/chunks/node_modules_next_dist_1e8vcs8._.js:776
[  164984ms] [LOG] [Fast Refresh] done in 379ms @ http://localhost:3000/_next/static/chunks/node_modules_next_dist_1e8vcs8._.js:776
[  165046ms] [LOG] [Fast Refresh] done in 379ms @ http://localhost:3000/_next/static/chunks/node_modules_next_dist_1e8vcs8._.js:776
[  165106ms] [LOG] [Fast Refresh] done in 379ms @ http://localhost:3000/_next/static/chunks/node_modules_next_dist_1e8vcs8._.js:776
[  165167ms] [LOG] [Fast Refresh] done in 379ms @ http://localhost:3000/_next/static/chunks/node_modules_next_dist_1e8vcs8._.js:776
[  165229ms] [LOG] [Fast Refresh] done in 379ms @ http://localhost:3000/_next/static/chunks/node_modules_next_dist_1e8vcs8._.js:776
[  165292ms] [LOG] [Fast Refresh] done in 379ms @ http://localhost:3000/_next/static/chunks/node_modules_next_dist_1e8vcs8._.js:776
[  165355ms] [LOG] [Fast Refresh] done in 379ms @ http://localhost:3000/_next/static/chunks/node_modules_next_dist_1e8vcs8._.js:776
[  165417ms] [LOG] [Fast Refresh] done in 379ms @ http://localhost:3000/_next/static/chunks/node_modules_next_dist_1e8vcs8._.js:776
[  165478ms] [LOG] [Fast Refresh] done in 379ms @ http://localhost:3000/_next/static/chunks/node_modules_next_dist_1e8vcs8._.js:776
[  165541ms] [LOG] [Fast Refresh] done in 379ms @ http://localhost:3000/_next/static/chunks/node_modules_next_dist_1e8vcs8._.js:776
[  165601ms] [LOG] [Fast Refresh] done in 379ms @ http://localhost:3000/_next/static/chunks/node_modules_next_dist_1e8vcs8._.js:776
[  165664ms] [LOG] [Fast Refresh] done in 379ms @ http://localhost:3000/_next/static/chunks/node_modules_next_dist_1e8vcs8._.js:776
[  165726ms] [LOG] [Fast Refresh] done in 379ms @ http://localhost:3000/_next/static/chunks/node_modules_next_dist_1e8vcs8._.js:776
[  165787ms] [LOG] [Fast Refresh] done in 379ms @ http://localhost:3000/_next/static/chunks/node_modules_next_dist_1e8vcs8._.js:776
[  165849ms] [LOG] [Fast Refresh] done in 379ms @ http://localhost:3000/_next/static/chunks/node_modules_next_dist_1e8vcs8._.js:776
[  165912ms] [LOG] [Fast Refresh] done in 379ms @ http://localhost:3000/_next/static/chunks/node_modules_next_dist_1e8vcs8._.js:776
[  165973ms] [LOG] [Fast Refresh] done in 379ms @ http://localhost:3000/_next/static/chunks/node_modules_next_dist_1e8vcs8._.js:776
[  166037ms] [LOG] [Fast Refresh] done in 379ms @ http://localhost:3000/_next/static/chunks/node_modules_next_dist_1e8vcs8._.js:776
[  166097ms] [LOG] [Fast Refresh] done in 379ms @ http://localhost:3000/_next/static/chunks/node_modules_next_dist_1e8vcs8._.js:776
[  166160ms] [LOG] [Fast Refresh] done in 379ms @ http://localhost:3000/_next/static/chunks/node_modules_next_dist_1e8vcs8._.js:776
[  166222ms] [LOG] [Fast Refresh] done in 379ms @ http://localhost:3000/_next/static/chunks/node_modules_next_dist_1e8vcs8._.js:776
[  166284ms] [LOG] [Fast Refresh] done in 379ms @ http://localhost:3000/_next/static/chunks/node_modules_next_dist_1e8vcs8._.js:776
[  166345ms] [LOG] [Fast Refresh] done in 379ms @ http://localhost:3000/_next/static/chunks/node_modules_next_dist_1e8vcs8._.js:776
[  166407ms] [LOG] [Fast Refresh] done in 379ms @ http://localhost:3000/_next/static/chunks/node_modules_next_dist_1e8vcs8._.js:776
[  166470ms] [LOG] [Fast Refresh] done in 379ms @ http://localhost:3000/_next/static/chunks/node_modules_next_dist_1e8vcs8._.js:776
[  166538ms] [LOG] [Fast Refresh] done in 379ms @ http://localhost:3000/_next/static/chunks/node_modules_next_dist_1e8vcs8._.js:776
[  166580ms] [LOG] [Fast Refresh] done in 379ms @ http://localhost:3000/_next/static/chunks/node_modules_next_dist_1e8vcs8._.js:776
[  166642ms] [LOG] [Fast Refresh] done in 379ms @ http://localhost:3000/_next/static/chunks/node_modules_next_dist_1e8vcs8._.js:776
[  166705ms] [LOG] [Fast Refresh] done in 379ms @ http://localhost:3000/_next/static/chunks/node_modules_next_dist_1e8vcs8._.js:776
[  166766ms] [LOG] [Fast Refresh] done in 379ms @ http://localhost:3000/_next/static/chunks/node_modules_next_dist_1e8vcs8._.js:776
[  166826ms] [LOG] [Fast Refresh] done in 379ms @ http://localhost:3000/_next/static/chunks/node_modules_next_dist_1e8vcs8._.js:776
[  166888ms] [LOG] [Fast Refresh] done in 379ms @ http://localhost:3000/_next/static/chunks/node_modules_next_dist_1e8vcs8._.js:776
[  166950ms] [LOG] [Fast Refresh] done in 379ms @ http://localhost:3000/_next/static/chunks/node_modules_next_dist_1e8vcs8._.js:776
[  167012ms] [LOG] [Fast Refresh] done in 379ms @ http://localhost:3000/_next/static/chunks/node_modules_next_dist_1e8vcs8._.js:776
[  167075ms] [LOG] [Fast Refresh] done in 379ms @ http://localhost:3000/_next/static/chunks/node_modules_next_dist_1e8vcs8._.js:776
[  167137ms] [LOG] [Fast Refresh] done in 379ms @ http://localhost:3000/_next/static/chunks/node_modules_next_dist_1e8vcs8._.js:776
[  167199ms] [LOG] [Fast Refresh] done in 379ms @ http://localhost:3000/_next/static/chunks/node_modules_next_dist_1e8vcs8._.js:776
[  167263ms] [LOG] [Fast Refresh] done in 379ms @ http://localhost:3000/_next/static/chunks/node_modules_next_dist_1e8vcs8._.js:776
[  167326ms] [LOG] [Fast Refresh] done in 379ms @ http://localhost:3000/_next/static/chunks/node_modules_next_dist_1e8vcs8._.js:776
[  167387ms] [LOG] [Fast Refresh] done in 379ms @ http://localhost:3000/_next/static/chunks/node_modules_next_dist_1e8vcs8._.js:776
[  167449ms] [LOG] [Fast Refresh] done in 379ms @ http://localhost:3000/_next/static/chunks/node_modules_next_dist_1e8vcs8._.js:776
[  167513ms] [LOG] [Fast Refresh] done in 379ms @ http://localhost:3000/_next/static/chunks/node_modules_next_dist_1e8vcs8._.js:776
[  167576ms] [LOG] [Fast Refresh] done in 379ms @ http://localhost:3000/_next/static/chunks/node_modules_next_dist_1e8vcs8._.js:776
[  167640ms] [LOG] [Fast Refresh] done in 379ms @ http://localhost:3000/_next/static/chunks/node_modules_next_dist_1e8vcs8._.js:776
[  167701ms] [LOG] [Fast Refresh] done in 379ms @ http://localhost:3000/_next/static/chunks/node_modules_next_dist_1e8vcs8._.js:776
[  167764ms] [LOG] [Fast Refresh] done in 379ms @ http://localhost:3000/_next/static/chunks/node_modules_next_dist_1e8vcs8._.js:776
[  167825ms] [LOG] [Fast Refresh] done in 379ms @ http://localhost:3000/_next/static/chunks/node_modules_next_dist_1e8vcs8._.js:776
[  167873ms] [LOG] [Fast Refresh] done in 379ms @ http://localhost:3000/_next/static/chunks/node_modules_next_dist_1e8vcs8._.js:776
[  167935ms] [LOG] [Fast Refresh] done in 379ms @ http://localhost:3000/_next/static/chunks/node_modules_next_dist_1e8vcs8._.js:776
[  167998ms] [LOG] [Fast Refresh] done in 379ms @ http://localhost:3000/_next/static/chunks/node_modules_next_dist_1e8vcs8._.js:776
[  168059ms] [LOG] [Fast Refresh] done in 379ms @ http://localhost:3000/_next/static/chunks/node_modules_next_dist_1e8vcs8._.js:776
[  168120ms] [LOG] [Fast Refresh] done in 379ms @ http://localhost:3000/_next/static/chunks/node_modules_next_dist_1e8vcs8._.js:776
[  168181ms] [LOG] [Fast Refresh] done in 379ms @ http://localhost:3000/_next/static/chunks/node_modules_next_dist_1e8vcs8._.js:776
[  168245ms] [LOG] [Fast Refresh] done in 379ms @ http://localhost:3000/_next/static/chunks/node_modules_next_dist_1e8vcs8._.js:776
[  168308ms] [LOG] [Fast Refresh] done in 379ms @ http://localhost:3000/_next/static/chunks/node_modules_next_dist_1e8vcs8._.js:776
[  168370ms] [LOG] [Fast Refresh] done in 379ms @ http://localhost:3000/_next/static/chunks/node_modules_next_dist_1e8vcs8._.js:776
[  168433ms] [LOG] [Fast Refresh] done in 379ms @ http://localhost:3000/_next/static/chunks/node_modules_next_dist_1e8vcs8._.js:776
[  168496ms] [LOG] [Fast Refresh] done in 379ms @ http://localhost:3000/_next/static/chunks/node_modules_next_dist_1e8vcs8._.js:776
[  168557ms] [LOG] [Fast Refresh] done in 379ms @ http://localhost:3000/_next/static/chunks/node_modules_next_dist_1e8vcs8._.js:776
[  168619ms] [LOG] [Fast Refresh] done in 379ms @ http://localhost:3000/_next/static/chunks/node_modules_next_dist_1e8vcs8._.js:776
[  168681ms] [LOG] [Fast Refresh] done in 379ms @ http://localhost:3000/_next/static/chunks/node_modules_next_dist_1e8vcs8._.js:776
[  168742ms] [LOG] [Fast Refresh] done in 379ms @ http://localhost:3000/_next/static/chunks/node_modules_next_dist_1e8vcs8._.js:776
[  168805ms] [LOG] [Fast Refresh] done in 379ms @ http://localhost:3000/_next/static/chunks/node_modules_next_dist_1e8vcs8._.js:776
[  168867ms] [LOG] [Fast Refresh] done in 379ms @ http://localhost:3000/_next/static/chunks/node_modules_next_dist_1e8vcs8._.js:776
[  168931ms] [LOG] [Fast Refresh] done in 379ms @ http://localhost:3000/_next/static/chunks/node_modules_next_dist_1e8vcs8._.js:776
[  168994ms] [LOG] [Fast Refresh] done in 379ms @ http://localhost:3000/_next/static/chunks/node_modules_next_dist_1e8vcs8._.js:776
[  169055ms] [LOG] [Fast Refresh] done in 379ms @ http://localhost:3000/_next/static/chunks/node_modules_next_dist_1e8vcs8._.js:776
[  169117ms] [LOG] [Fast Refresh] done in 379ms @ http://localhost:3000/_next/static/chunks/node_modules_next_dist_1e8vcs8._.js:776
[  169179ms] [LOG] [Fast Refresh] done in 379ms @ http://localhost:3000/_next/static/chunks/node_modules_next_dist_1e8vcs8._.js:776
[  169242ms] [LOG] [Fast Refresh] done in 379ms @ http://localhost:3000/_next/static/chunks/node_modules_next_dist_1e8vcs8._.js:776
[  169305ms] [LOG] [Fast Refresh] done in 379ms @ http://localhost:3000/_next/static/chunks/node_modules_next_dist_1e8vcs8._.js:776
[  169369ms] [LOG] [Fast Refresh] done in 379ms @ http://localhost:3000/_next/static/chunks/node_modules_next_dist_1e8vcs8._.js:776
[  169429ms] [LOG] [Fast Refresh] done in 379ms @ http://localhost:3000/_next/static/chunks/node_modules_next_dist_1e8vcs8._.js:776
[  169493ms] [LOG] [Fast Refresh] done in 379ms @ http://localhost:3000/_next/static/chunks/node_modules_next_dist_1e8vcs8._.js:776
[  169556ms] [LOG] [Fast Refresh] done in 379ms @ http://localhost:3000/_next/static/chunks/node_modules_next_dist_1e8vcs8._.js:776
[  169619ms] [LOG] [Fast Refresh] done in 379ms @ http://localhost:3000/_next/static/chunks/node_modules_next_dist_1e8vcs8._.js:776
[  169680ms] [LOG] [Fast Refresh] done in 379ms @ http://localhost:3000/_next/static/chunks/node_modules_next_dist_1e8vcs8._.js:776
[  169743ms] [LOG] [Fast Refresh] done in 379ms @ http://localhost:3000/_next/static/chunks/node_modules_next_dist_1e8vcs8._.js:776
[  169803ms] [LOG] [Fast Refresh] done in 379ms @ http://localhost:3000/_next/static/chunks/node_modules_next_dist_1e8vcs8._.js:776
[  169866ms] [LOG] [Fast Refresh] done in 379ms @ http://localhost:3000/_next/static/chunks/node_modules_next_dist_1e8vcs8._.js:776
[  169930ms] [LOG] [Fast Refresh] done in 379ms @ http://localhost:3000/_next/static/chunks/node_modules_next_dist_1e8vcs8._.js:776
[  169994ms] [LOG] [Fast Refresh] done in 379ms @ http://localhost:3000/_next/static/chunks/node_modules_next_dist_1e8vcs8._.js:776
[  170073ms] [LOG] [Fast Refresh] done in 379ms @ http://localhost:3000/_next/static/chunks/node_modules_next_dist_1e8vcs8._.js:776
[  170133ms] [LOG] [Fast Refresh] done in 379ms @ http://localhost:3000/_next/static/chunks/node_modules_next_dist_1e8vcs8._.js:776
[  170195ms] [LOG] [Fast Refresh] done in 379ms @ http://localhost:3000/_next/static/chunks/node_modules_next_dist_1e8vcs8._.js:776
[  170258ms] [LOG] [Fast Refresh] done in 379ms @ http://localhost:3000/_next/static/chunks/node_modules_next_dist_1e8vcs8._.js:776
[  170321ms] [LOG] [Fast Refresh] done in 379ms @ http://localhost:3000/_next/static/chunks/node_modules_next_dist_1e8vcs8._.js:776
[  170383ms] [LOG] [Fast Refresh] done in 379ms @ http://localhost:3000/_next/static/chunks/node_modules_next_dist_1e8vcs8._.js:776
[  170446ms] [LOG] [Fast Refresh] done in 379ms @ http://localhost:3000/_next/static/chunks/node_modules_next_dist_1e8vcs8._.js:776
[  170508ms] [LOG] [Fast Refresh] done in 379ms @ http://localhost:3000/_next/static/chunks/node_modules_next_dist_1e8vcs8._.js:776
[  170570ms] [LOG] [Fast Refresh] done in 379ms @ http://localhost:3000/_next/static/chunks/node_modules_next_dist_1e8vcs8._.js:776
[  170634ms] [LOG] [Fast Refresh] done in 379ms @ http://localhost:3000/_next/static/chunks/node_modules_next_dist_1e8vcs8._.js:776
[  170697ms] [LOG] [Fast Refresh] done in 379ms @ http://localhost:3000/_next/static/chunks/node_modules_next_dist_1e8vcs8._.js:776
[  170757ms] [LOG] [Fast Refresh] done in 379ms @ http://localhost:3000/_next/static/chunks/node_modules_next_dist_1e8vcs8._.js:776
[  170819ms] [LOG] [Fast Refresh] done in 379ms @ http://localhost:3000/_next/static/chunks/node_modules_next_dist_1e8vcs8._.js:776
[  170881ms] [LOG] [Fast Refresh] done in 379ms @ http://localhost:3000/_next/static/chunks/node_modules_next_dist_1e8vcs8._.js:776
[  170944ms] [LOG] [Fast Refresh] done in 379ms @ http://localhost:3000/_next/static/chunks/node_modules_next_dist_1e8vcs8._.js:776
[  171006ms] [LOG] [Fast Refresh] done in 379ms @ http://localhost:3000/_next/static/chunks/node_modules_next_dist_1e8vcs8._.js:776
[  171068ms] [LOG] [Fast Refresh] done in 379ms @ http://localhost:3000/_next/static/chunks/node_modules_next_dist_1e8vcs8._.js:776
[  171131ms] [LOG] [Fast Refresh] done in 379ms @ http://localhost:3000/_next/static/chunks/node_modules_next_dist_1e8vcs8._.js:776
[  171194ms] [LOG] [Fast Refresh] done in 379ms @ http://localhost:3000/_next/static/chunks/node_modules_next_dist_1e8vcs8._.js:776
[  171255ms] [LOG] [Fast Refresh] done in 379ms @ http://localhost:3000/_next/static/chunks/node_modules_next_dist_1e8vcs8._.js:776
[  171316ms] [LOG] [Fast Refresh] done in 379ms @ http://localhost:3000/_next/static/chunks/node_modules_next_dist_1e8vcs8._.js:776
[  171377ms] [LOG] [Fast Refresh] done in 379ms @ http://localhost:3000/_next/static/chunks/node_modules_next_dist_1e8vcs8._.js:776
[  171440ms] [LOG] [Fast Refresh] done in 379ms @ http://localhost:3000/_next/static/chunks/node_modules_next_dist_1e8vcs8._.js:776
[  171503ms] [LOG] [Fast Refresh] done in 379ms @ http://localhost:3000/_next/static/chunks/node_modules_next_dist_1e8vcs8._.js:776
[  171566ms] [LOG] [Fast Refresh] done in 379ms @ http://localhost:3000/_next/static/chunks/node_modules_next_dist_1e8vcs8._.js:776
[  171627ms] [LOG] [Fast Refresh] done in 379ms @ http://localhost:3000/_next/static/chunks/node_modules_next_dist_1e8vcs8._.js:776
[  171688ms] [LOG] [Fast Refresh] done in 379ms @ http://localhost:3000/_next/static/chunks/node_modules_next_dist_1e8vcs8._.js:776
[  171752ms] [LOG] [Fast Refresh] done in 379ms @ http://localhost:3000/_next/static/chunks/node_modules_next_dist_1e8vcs8._.js:776
[  171815ms] [LOG] [Fast Refresh] done in 379ms @ http://localhost:3000/_next/static/chunks/node_modules_next_dist_1e8vcs8._.js:776
[  171878ms] [LOG] [Fast Refresh] done in 379ms @ http://localhost:3000/_next/static/chunks/node_modules_next_dist_1e8vcs8._.js:776
[  171941ms] [LOG] [Fast Refresh] done in 379ms @ http://localhost:3000/_next/static/chunks/node_modules_next_dist_1e8vcs8._.js:776
[  172003ms] [LOG] [Fast Refresh] done in 379ms @ http://localhost:3000/_next/static/chunks/node_modules_next_dist_1e8vcs8._.js:776
[  172065ms] [LOG] [Fast Refresh] done in 379ms @ http://localhost:3000/_next/static/chunks/node_modules_next_dist_1e8vcs8._.js:776
[  172129ms] [LOG] [Fast Refresh] done in 379ms @ http://localhost:3000/_next/static/chunks/node_modules_next_dist_1e8vcs8._.js:776
[  172191ms] [LOG] [Fast Refresh] done in 379ms @ http://localhost:3000/_next/static/chunks/node_modules_next_dist_1e8vcs8._.js:776
[  172254ms] [LOG] [Fast Refresh] done in 379ms @ http://localhost:3000/_next/static/chunks/node_modules_next_dist_1e8vcs8._.js:776
[  172315ms] [LOG] [Fast Refresh] done in 379ms @ http://localhost:3000/_next/static/chunks/node_modules_next_dist_1e8vcs8._.js:776
[  172378ms] [LOG] [Fast Refresh] done in 379ms @ http://localhost:3000/_next/static/chunks/node_modules_next_dist_1e8vcs8._.js:776
[  172440ms] [LOG] [Fast Refresh] done in 379ms @ http://localhost:3000/_next/static/chunks/node_modules_next_dist_1e8vcs8._.js:776
[  172501ms] [LOG] [Fast Refresh] done in 379ms @ http://localhost:3000/_next/static/chunks/node_modules_next_dist_1e8vcs8._.js:776
[  172562ms] [LOG] [Fast Refresh] done in 379ms @ http://localhost:3000/_next/static/chunks/node_modules_next_dist_1e8vcs8._.js:776
[  172626ms] [LOG] [Fast Refresh] done in 379ms @ http://localhost:3000/_next/static/chunks/node_modules_next_dist_1e8vcs8._.js:776
[  172686ms] [LOG] [Fast Refresh] done in 379ms @ http://localhost:3000/_next/static/chunks/node_modules_next_dist_1e8vcs8._.js:776
[  172749ms] [LOG] [Fast Refresh] done in 379ms @ http://localhost:3000/_next/static/chunks/node_modules_next_dist_1e8vcs8._.js:776
[  172814ms] [LOG] [Fast Refresh] done in 379ms @ http://localhost:3000/_next/static/chunks/node_modules_next_dist_1e8vcs8._.js:776
[  172877ms] [LOG] [Fast Refresh] done in 379ms @ http://localhost:3000/_next/static/chunks/node_modules_next_dist_1e8vcs8._.js:776
[  172936ms] [LOG] [Fast Refresh] done in 379ms @ http://localhost:3000/_next/static/chunks/node_modules_next_dist_1e8vcs8._.js:776
[  172998ms] [LOG] [Fast Refresh] done in 379ms @ http://localhost:3000/_next/static/chunks/node_modules_next_dist_1e8vcs8._.js:776
[  173060ms] [LOG] [Fast Refresh] done in 379ms @ http://localhost:3000/_next/static/chunks/node_modules_next_dist_1e8vcs8._.js:776
[  173119ms] [LOG] [Fast Refresh] done in 379ms @ http://localhost:3000/_next/static/chunks/node_modules_next_dist_1e8vcs8._.js:776
[  173180ms] [LOG] [Fast Refresh] done in 379ms @ http://localhost:3000/_next/static/chunks/node_modules_next_dist_1e8vcs8._.js:776
[  173242ms] [LOG] [Fast Refresh] done in 379ms @ http://localhost:3000/_next/static/chunks/node_modules_next_dist_1e8vcs8._.js:776
[  173303ms] [LOG] [Fast Refresh] done in 379ms @ http://localhost:3000/_next/static/chunks/node_modules_next_dist_1e8vcs8._.js:776
[  173366ms] [LOG] [Fast Refresh] done in 379ms @ http://localhost:3000/_next/static/chunks/node_modules_next_dist_1e8vcs8._.js:776
[  173428ms] [LOG] [Fast Refresh] done in 379ms @ http://localhost:3000/_next/static/chunks/node_modules_next_dist_1e8vcs8._.js:776
[  173489ms] [LOG] [Fast Refresh] done in 379ms @ http://localhost:3000/_next/static/chunks/node_modules_next_dist_1e8vcs8._.js:776
[  173552ms] [LOG] [Fast Refresh] done in 379ms @ http://localhost:3000/_next/static/chunks/node_modules_next_dist_1e8vcs8._.js:776
[  173614ms] [LOG] [Fast Refresh] done in 379ms @ http://localhost:3000/_next/static/chunks/node_modules_next_dist_1e8vcs8._.js:776
[  173677ms] [LOG] [Fast Refresh] done in 379ms @ http://localhost:3000/_next/static/chunks/node_modules_next_dist_1e8vcs8._.js:776
[  173738ms] [LOG] [Fast Refresh] done in 379ms @ http://localhost:3000/_next/static/chunks/node_modules_next_dist_1e8vcs8._.js:776
[  173801ms] [LOG] [Fast Refresh] done in 379ms @ http://localhost:3000/_next/static/chunks/node_modules_next_dist_1e8vcs8._.js:776
[  173862ms] [LOG] [Fast Refresh] done in 379ms @ http://localhost:3000/_next/static/chunks/node_modules_next_dist_1e8vcs8._.js:776
[  173926ms] [LOG] [Fast Refresh] done in 379ms @ http://localhost:3000/_next/static/chunks/node_modules_next_dist_1e8vcs8._.js:776
[  173989ms] [LOG] [Fast Refresh] done in 379ms @ http://localhost:3000/_next/static/chunks/node_modules_next_dist_1e8vcs8._.js:776
[  174051ms] [LOG] [Fast Refresh] done in 379ms @ http://localhost:3000/_next/static/chunks/node_modules_next_dist_1e8vcs8._.js:776
[  174114ms] [LOG] [Fast Refresh] done in 379ms @ http://localhost:3000/_next/static/chunks/node_modules_next_dist_1e8vcs8._.js:776
[  174174ms] [LOG] [Fast Refresh] done in 379ms @ http://localhost:3000/_next/static/chunks/node_modules_next_dist_1e8vcs8._.js:776
[  174238ms] [LOG] [Fast Refresh] done in 379ms @ http://localhost:3000/_next/static/chunks/node_modules_next_dist_1e8vcs8._.js:776
[  174301ms] [LOG] [Fast Refresh] done in 379ms @ http://localhost:3000/_next/static/chunks/node_modules_next_dist_1e8vcs8._.js:776
[  174362ms] [LOG] [Fast Refresh] done in 379ms @ http://localhost:3000/_next/static/chunks/node_modules_next_dist_1e8vcs8._.js:776
[  174424ms] [LOG] [Fast Refresh] done in 379ms @ http://localhost:3000/_next/static/chunks/node_modules_next_dist_1e8vcs8._.js:776
[  174487ms] [LOG] [Fast Refresh] done in 379ms @ http://localhost:3000/_next/static/chunks/node_modules_next_dist_1e8vcs8._.js:776
[  174548ms] [LOG] [Fast Refresh] done in 379ms @ http://localhost:3000/_next/static/chunks/node_modules_next_dist_1e8vcs8._.js:776
[  174611ms] [LOG] [Fast Refresh] done in 379ms @ http://localhost:3000/_next/static/chunks/node_modules_next_dist_1e8vcs8._.js:776
[  174672ms] [LOG] [Fast Refresh] done in 379ms @ http://localhost:3000/_next/static/chunks/node_modules_next_dist_1e8vcs8._.js:776
[  174735ms] [LOG] [Fast Refresh] done in 379ms @ http://localhost:3000/_next/static/chunks/node_modules_next_dist_1e8vcs8._.js:776
[  174783ms] [LOG] [Fast Refresh] done in 379ms @ http://localhost:3000/_next/static/chunks/node_modules_next_dist_1e8vcs8._.js:776
[  174846ms] [LOG] [Fast Refresh] done in 379ms @ http://localhost:3000/_next/static/chunks/node_modules_next_dist_1e8vcs8._.js:776
[  174907ms] [LOG] [Fast Refresh] done in 379ms @ http://localhost:3000/_next/static/chunks/node_modules_next_dist_1e8vcs8._.js:776
[  174971ms] [LOG] [Fast Refresh] done in 379ms @ http://localhost:3000/_next/static/chunks/node_modules_next_dist_1e8vcs8._.js:776
[  175033ms] [LOG] [Fast Refresh] done in 379ms @ http://localhost:3000/_next/static/chunks/node_modules_next_dist_1e8vcs8._.js:776
[  175094ms] [LOG] [Fast Refresh] done in 379ms @ http://localhost:3000/_next/static/chunks/node_modules_next_dist_1e8vcs8._.js:776
[  175156ms] [LOG] [Fast Refresh] done in 379ms @ http://localhost:3000/_next/static/chunks/node_modules_next_dist_1e8vcs8._.js:776
[  175221ms] [LOG] [Fast Refresh] done in 379ms @ http://localhost:3000/_next/static/chunks/node_modules_next_dist_1e8vcs8._.js:776
[  175278ms] [LOG] [Fast Refresh] done in 379ms @ http://localhost:3000/_next/static/chunks/node_modules_next_dist_1e8vcs8._.js:776
[  175339ms] [LOG] [Fast Refresh] done in 379ms @ http://localhost:3000/_next/static/chunks/node_modules_next_dist_1e8vcs8._.js:776
[  175402ms] [LOG] [Fast Refresh] done in 379ms @ http://localhost:3000/_next/static/chunks/node_modules_next_dist_1e8vcs8._.js:776
[  175463ms] [LOG] [Fast Refresh] done in 379ms @ http://localhost:3000/_next/static/chunks/node_modules_next_dist_1e8vcs8._.js:776
[  175525ms] [LOG] [Fast Refresh] done in 379ms @ http://localhost:3000/_next/static/chunks/node_modules_next_dist_1e8vcs8._.js:776
[  175588ms] [LOG] [Fast Refresh] done in 379ms @ http://localhost:3000/_next/static/chunks/node_modules_next_dist_1e8vcs8._.js:776
[  175651ms] [LOG] [Fast Refresh] done in 379ms @ http://localhost:3000/_next/static/chunks/node_modules_next_dist_1e8vcs8._.js:776
[  175714ms] [LOG] [Fast Refresh] done in 379ms @ http://localhost:3000/_next/static/chunks/node_modules_next_dist_1e8vcs8._.js:776
[  175776ms] [LOG] [Fast Refresh] done in 379ms @ http://localhost:3000/_next/static/chunks/node_modules_next_dist_1e8vcs8._.js:776
[  175839ms] [LOG] [Fast Refresh] done in 379ms @ http://localhost:3000/_next/static/chunks/node_modules_next_dist_1e8vcs8._.js:776
[  175889ms] [LOG] [Fast Refresh] done in 379ms @ http://localhost:3000/_next/static/chunks/node_modules_next_dist_1e8vcs8._.js:776
[  175951ms] [LOG] [Fast Refresh] done in 379ms @ http://localhost:3000/_next/static/chunks/node_modules_next_dist_1e8vcs8._.js:776
[  176013ms] [LOG] [Fast Refresh] done in 379ms @ http://localhost:3000/_next/static/chunks/node_modules_next_dist_1e8vcs8._.js:776
[  176074ms] [LOG] [Fast Refresh] done in 379ms @ http://localhost:3000/_next/static/chunks/node_modules_next_dist_1e8vcs8._.js:776
[  176136ms] [LOG] [Fast Refresh] done in 379ms @ http://localhost:3000/_next/static/chunks/node_modules_next_dist_1e8vcs8._.js:776
[  176197ms] [LOG] [Fast Refresh] done in 379ms @ http://localhost:3000/_next/static/chunks/node_modules_next_dist_1e8vcs8._.js:776
[  176261ms] [LOG] [Fast Refresh] done in 379ms @ http://localhost:3000/_next/static/chunks/node_modules_next_dist_1e8vcs8._.js:776
[  176324ms] [LOG] [Fast Refresh] done in 379ms @ http://localhost:3000/_next/static/chunks/node_modules_next_dist_1e8vcs8._.js:776
[  176385ms] [LOG] [Fast Refresh] done in 379ms @ http://localhost:3000/_next/static/chunks/node_modules_next_dist_1e8vcs8._.js:776
[  176447ms] [LOG] [Fast Refresh] done in 379ms @ http://localhost:3000/_next/static/chunks/node_modules_next_dist_1e8vcs8._.js:776
[  176509ms] [LOG] [Fast Refresh] done in 379ms @ http://localhost:3000/_next/static/chunks/node_modules_next_dist_1e8vcs8._.js:776
[  176571ms] [LOG] [Fast Refresh] done in 379ms @ http://localhost:3000/_next/static/chunks/node_modules_next_dist_1e8vcs8._.js:776
[  176633ms] [LOG] [Fast Refresh] done in 379ms @ http://localhost:3000/_next/static/chunks/node_modules_next_dist_1e8vcs8._.js:776
[  176693ms] [LOG] [Fast Refresh] done in 379ms @ http://localhost:3000/_next/static/chunks/node_modules_next_dist_1e8vcs8._.js:776
[  176755ms] [LOG] [Fast Refresh] done in 379ms @ http://localhost:3000/_next/static/chunks/node_modules_next_dist_1e8vcs8._.js:776
[  176816ms] [LOG] [Fast Refresh] done in 379ms @ http://localhost:3000/_next/static/chunks/node_modules_next_dist_1e8vcs8._.js:776
[  176880ms] [LOG] [Fast Refresh] done in 379ms @ http://localhost:3000/_next/static/chunks/node_modules_next_dist_1e8vcs8._.js:776
[  176942ms] [LOG] [Fast Refresh] done in 379ms @ http://localhost:3000/_next/static/chunks/node_modules_next_dist_1e8vcs8._.js:776
[  177005ms] [LOG] [Fast Refresh] done in 379ms @ http://localhost:3000/_next/static/chunks/node_modules_next_dist_1e8vcs8._.js:776
[  177066ms] [LOG] [Fast Refresh] done in 379ms @ http://localhost:3000/_next/static/chunks/node_modules_next_dist_1e8vcs8._.js:776
[  177128ms] [LOG] [Fast Refresh] done in 379ms @ http://localhost:3000/_next/static/chunks/node_modules_next_dist_1e8vcs8._.js:776
[  177191ms] [LOG] [Fast Refresh] done in 379ms @ http://localhost:3000/_next/static/chunks/node_modules_next_dist_1e8vcs8._.js:776
[  177251ms] [LOG] [Fast Refresh] done in 379ms @ http://localhost:3000/_next/static/chunks/node_modules_next_dist_1e8vcs8._.js:776
[  177313ms] [LOG] [Fast Refresh] done in 379ms @ http://localhost:3000/_next/static/chunks/node_modules_next_dist_1e8vcs8._.js:776
[  177375ms] [LOG] [Fast Refresh] done in 379ms @ http://localhost:3000/_next/static/chunks/node_modules_next_dist_1e8vcs8._.js:776
[  177436ms] [LOG] [Fast Refresh] done in 379ms @ http://localhost:3000/_next/static/chunks/node_modules_next_dist_1e8vcs8._.js:776
[  177499ms] [LOG] [Fast Refresh] done in 379ms @ http://localhost:3000/_next/static/chunks/node_modules_next_dist_1e8vcs8._.js:776
[  177562ms] [LOG] [Fast Refresh] done in 379ms @ http://localhost:3000/_next/static/chunks/node_modules_next_dist_1e8vcs8._.js:776
[  177626ms] [LOG] [Fast Refresh] done in 379ms @ http://localhost:3000/_next/static/chunks/node_modules_next_dist_1e8vcs8._.js:776
[  177687ms] [LOG] [Fast Refresh] done in 379ms @ http://localhost:3000/_next/static/chunks/node_modules_next_dist_1e8vcs8._.js:776
[  177749ms] [LOG] [Fast Refresh] done in 379ms @ http://localhost:3000/_next/static/chunks/node_modules_next_dist_1e8vcs8._.js:776
[  177810ms] [LOG] [Fast Refresh] done in 379ms @ http://localhost:3000/_next/static/chunks/node_modules_next_dist_1e8vcs8._.js:776
[  177872ms] [LOG] [Fast Refresh] done in 379ms @ http://localhost:3000/_next/static/chunks/node_modules_next_dist_1e8vcs8._.js:776
[  177934ms] [LOG] [Fast Refresh] done in 379ms @ http://localhost:3000/_next/static/chunks/node_modules_next_dist_1e8vcs8._.js:776
[  177996ms] [LOG] [Fast Refresh] done in 379ms @ http://localhost:3000/_next/static/chunks/node_modules_next_dist_1e8vcs8._.js:776
[  178059ms] [LOG] [Fast Refresh] done in 379ms @ http://localhost:3000/_next/static/chunks/node_modules_next_dist_1e8vcs8._.js:776
[  178121ms] [LOG] [Fast Refresh] done in 379ms @ http://localhost:3000/_next/static/chunks/node_modules_next_dist_1e8vcs8._.js:776
[  178181ms] [LOG] [Fast Refresh] done in 379ms @ http://localhost:3000/_next/static/chunks/node_modules_next_dist_1e8vcs8._.js:776
[  178243ms] [LOG] [Fast Refresh] done in 379ms @ http://localhost:3000/_next/static/chunks/node_modules_next_dist_1e8vcs8._.js:776
[  178306ms] [LOG] [Fast Refresh] done in 379ms @ http://localhost:3000/_next/static/chunks/node_modules_next_dist_1e8vcs8._.js:776
[  178370ms] [LOG] [Fast Refresh] done in 379ms @ http://localhost:3000/_next/static/chunks/node_modules_next_dist_1e8vcs8._.js:776
[  178431ms] [LOG] [Fast Refresh] done in 379ms @ http://localhost:3000/_next/static/chunks/node_modules_next_dist_1e8vcs8._.js:776
[  178494ms] [LOG] [Fast Refresh] done in 379ms @ http://localhost:3000/_next/static/chunks/node_modules_next_dist_1e8vcs8._.js:776
[  178556ms] [LOG] [Fast Refresh] done in 379ms @ http://localhost:3000/_next/static/chunks/node_modules_next_dist_1e8vcs8._.js:776
[  178618ms] [LOG] [Fast Refresh] done in 379ms @ http://localhost:3000/_next/static/chunks/node_modules_next_dist_1e8vcs8._.js:776
[  178680ms] [LOG] [Fast Refresh] done in 379ms @ http://localhost:3000/_next/static/chunks/node_modules_next_dist_1e8vcs8._.js:776
[  178747ms] [LOG] [Fast Refresh] done in 379ms @ http://localhost:3000/_next/static/chunks/node_modules_next_dist_1e8vcs8._.js:776
[  178805ms] [LOG] [Fast Refresh] done in 379ms @ http://localhost:3000/_next/static/chunks/node_modules_next_dist_1e8vcs8._.js:776
[  178868ms] [LOG] [Fast Refresh] done in 379ms @ http://localhost:3000/_next/static/chunks/node_modules_next_dist_1e8vcs8._.js:776
[  178929ms] [LOG] [Fast Refresh] done in 379ms @ http://localhost:3000/_next/static/chunks/node_modules_next_dist_1e8vcs8._.js:776
[  178990ms] [LOG] [Fast Refresh] done in 379ms @ http://localhost:3000/_next/static/chunks/node_modules_next_dist_1e8vcs8._.js:776
[  179051ms] [LOG] [Fast Refresh] done in 379ms @ http://localhost:3000/_next/static/chunks/node_modules_next_dist_1e8vcs8._.js:776
[  179112ms] [LOG] [Fast Refresh] done in 379ms @ http://localhost:3000/_next/static/chunks/node_modules_next_dist_1e8vcs8._.js:776
[  179173ms] [LOG] [Fast Refresh] done in 379ms @ http://localhost:3000/_next/static/chunks/node_modules_next_dist_1e8vcs8._.js:776
[  179238ms] [LOG] [Fast Refresh] done in 379ms @ http://localhost:3000/_next/static/chunks/node_modules_next_dist_1e8vcs8._.js:776
[  179299ms] [LOG] [Fast Refresh] done in 379ms @ http://localhost:3000/_next/static/chunks/node_modules_next_dist_1e8vcs8._.js:776
[  179361ms] [LOG] [Fast Refresh] done in 379ms @ http://localhost:3000/_next/static/chunks/node_modules_next_dist_1e8vcs8._.js:776
[  179425ms] [LOG] [Fast Refresh] done in 379ms @ http://localhost:3000/_next/static/chunks/node_modules_next_dist_1e8vcs8._.js:776
[  179486ms] [LOG] [Fast Refresh] done in 379ms @ http://localhost:3000/_next/static/chunks/node_modules_next_dist_1e8vcs8._.js:776
[  179548ms] [LOG] [Fast Refresh] done in 379ms @ http://localhost:3000/_next/static/chunks/node_modules_next_dist_1e8vcs8._.js:776
[  179610ms] [LOG] [Fast Refresh] done in 379ms @ http://localhost:3000/_next/static/chunks/node_modules_next_dist_1e8vcs8._.js:776
[  179673ms] [LOG] [Fast Refresh] done in 379ms @ http://localhost:3000/_next/static/chunks/node_modules_next_dist_1e8vcs8._.js:776
[  179736ms] [LOG] [Fast Refresh] done in 379ms @ http://localhost:3000/_next/static/chunks/node_modules_next_dist_1e8vcs8._.js:776
[  179800ms] [LOG] [Fast Refresh] done in 379ms @ http://localhost:3000/_next/static/chunks/node_modules_next_dist_1e8vcs8._.js:776
[  179864ms] [LOG] [Fast Refresh] done in 379ms @ http://localhost:3000/_next/static/chunks/node_modules_next_dist_1e8vcs8._.js:776
[  179926ms] [LOG] [Fast Refresh] done in 379ms @ http://localhost:3000/_next/static/chunks/node_modules_next_dist_1e8vcs8._.js:776
[  179989ms] [LOG] [Fast Refresh] done in 379ms @ http://localhost:3000/_next/static/chunks/node_modules_next_dist_1e8vcs8._.js:776
[  180054ms] [LOG] [Fast Refresh] done in 379ms @ http://localhost:3000/_next/static/chunks/node_modules_next_dist_1e8vcs8._.js:776
[  180115ms] [LOG] [Fast Refresh] done in 379ms @ http://localhost:3000/_next/static/chunks/node_modules_next_dist_1e8vcs8._.js:776
[  180177ms] [LOG] [Fast Refresh] done in 379ms @ http://localhost:3000/_next/static/chunks/node_modules_next_dist_1e8vcs8._.js:776
[  180239ms] [LOG] [Fast Refresh] done in 379ms @ http://localhost:3000/_next/static/chunks/node_modules_next_dist_1e8vcs8._.js:776
[  180303ms] [LOG] [Fast Refresh] done in 379ms @ http://localhost:3000/_next/static/chunks/node_modules_next_dist_1e8vcs8._.js:776
[  180365ms] [LOG] [Fast Refresh] done in 379ms @ http://localhost:3000/_next/static/chunks/node_modules_next_dist_1e8vcs8._.js:776
[  180427ms] [LOG] [Fast Refresh] done in 379ms @ http://localhost:3000/_next/static/chunks/node_modules_next_dist_1e8vcs8._.js:776
[  180490ms] [LOG] [Fast Refresh] done in 379ms @ http://localhost:3000/_next/static/chunks/node_modules_next_dist_1e8vcs8._.js:776
[  180554ms] [LOG] [Fast Refresh] done in 379ms @ http://localhost:3000/_next/static/chunks/node_modules_next_dist_1e8vcs8._.js:776
[  180617ms] [LOG] [Fast Refresh] done in 379ms @ http://localhost:3000/_next/static/chunks/node_modules_next_dist_1e8vcs8._.js:776
[  180680ms] [LOG] [Fast Refresh] done in 379ms @ http://localhost:3000/_next/static/chunks/node_modules_next_dist_1e8vcs8._.js:776
[  180742ms] [LOG] [Fast Refresh] done in 379ms @ http://localhost:3000/_next/static/chunks/node_modules_next_dist_1e8vcs8._.js:776
[  180803ms] [LOG] [Fast Refresh] done in 379ms @ http://localhost:3000/_next/static/chunks/node_modules_next_dist_1e8vcs8._.js:776
[  180867ms] [LOG] [Fast Refresh] done in 379ms @ http://localhost:3000/_next/static/chunks/node_modules_next_dist_1e8vcs8._.js:776
[  180930ms] [LOG] [Fast Refresh] done in 379ms @ http://localhost:3000/_next/static/chunks/node_modules_next_dist_1e8vcs8._.js:776
[  180992ms] [LOG] [Fast Refresh] done in 379ms @ http://localhost:3000/_next/static/chunks/node_modules_next_dist_1e8vcs8._.js:776
[  181053ms] [LOG] [Fast Refresh] done in 379ms @ http://localhost:3000/_next/static/chunks/node_modules_next_dist_1e8vcs8._.js:776
[  181115ms] [LOG] [Fast Refresh] done in 379ms @ http://localhost:3000/_next/static/chunks/node_modules_next_dist_1e8vcs8._.js:776
[  181175ms] [LOG] [Fast Refresh] done in 379ms @ http://localhost:3000/_next/static/chunks/node_modules_next_dist_1e8vcs8._.js:776
[  181238ms] [LOG] [Fast Refresh] done in 379ms @ http://localhost:3000/_next/static/chunks/node_modules_next_dist_1e8vcs8._.js:776
[  181300ms] [LOG] [Fast Refresh] done in 379ms @ http://localhost:3000/_next/static/chunks/node_modules_next_dist_1e8vcs8._.js:776
[  181361ms] [LOG] [Fast Refresh] done in 379ms @ http://localhost:3000/_next/static/chunks/node_modules_next_dist_1e8vcs8._.js:776
[  181422ms] [LOG] [Fast Refresh] done in 379ms @ http://localhost:3000/_next/static/chunks/node_modules_next_dist_1e8vcs8._.js:776
[  181485ms] [LOG] [Fast Refresh] done in 379ms @ http://localhost:3000/_next/static/chunks/node_modules_next_dist_1e8vcs8._.js:776
[  181549ms] [LOG] [Fast Refresh] done in 379ms @ http://localhost:3000/_next/static/chunks/node_modules_next_dist_1e8vcs8._.js:776
[  181610ms] [LOG] [Fast Refresh] done in 379ms @ http://localhost:3000/_next/static/chunks/node_modules_next_dist_1e8vcs8._.js:776
[  181672ms] [LOG] [Fast Refresh] done in 379ms @ http://localhost:3000/_next/static/chunks/node_modules_next_dist_1e8vcs8._.js:776
[  181734ms] [LOG] [Fast Refresh] done in 379ms @ http://localhost:3000/_next/static/chunks/node_modules_next_dist_1e8vcs8._.js:776
[  181796ms] [LOG] [Fast Refresh] done in 379ms @ http://localhost:3000/_next/static/chunks/node_modules_next_dist_1e8vcs8._.js:776
[  181859ms] [LOG] [Fast Refresh] done in 379ms @ http://localhost:3000/_next/static/chunks/node_modules_next_dist_1e8vcs8._.js:776
[  181922ms] [LOG] [Fast Refresh] done in 379ms @ http://localhost:3000/_next/static/chunks/node_modules_next_dist_1e8vcs8._.js:776
[  181985ms] [LOG] [Fast Refresh] done in 379ms @ http://localhost:3000/_next/static/chunks/node_modules_next_dist_1e8vcs8._.js:776
[  182048ms] [LOG] [Fast Refresh] done in 379ms @ http://localhost:3000/_next/static/chunks/node_modules_next_dist_1e8vcs8._.js:776
[  182111ms] [LOG] [Fast Refresh] done in 379ms @ http://localhost:3000/_next/static/chunks/node_modules_next_dist_1e8vcs8._.js:776
[  182173ms] [LOG] [Fast Refresh] done in 379ms @ http://localhost:3000/_next/static/chunks/node_modules_next_dist_1e8vcs8._.js:776
[  182236ms] [LOG] [Fast Refresh] done in 379ms @ http://localhost:3000/_next/static/chunks/node_modules_next_dist_1e8vcs8._.js:776
[  182299ms] [LOG] [Fast Refresh] done in 379ms @ http://localhost:3000/_next/static/chunks/node_modules_next_dist_1e8vcs8._.js:776
[  182359ms] [LOG] [Fast Refresh] done in 379ms @ http://localhost:3000/_next/static/chunks/node_modules_next_dist_1e8vcs8._.js:776
[  182420ms] [LOG] [Fast Refresh] done in 379ms @ http://localhost:3000/_next/static/chunks/node_modules_next_dist_1e8vcs8._.js:776
[  182481ms] [LOG] [Fast Refresh] done in 379ms @ http://localhost:3000/_next/static/chunks/node_modules_next_dist_1e8vcs8._.js:776
[  182543ms] [LOG] [Fast Refresh] done in 379ms @ http://localhost:3000/_next/static/chunks/node_modules_next_dist_1e8vcs8._.js:776
[  182607ms] [LOG] [Fast Refresh] done in 379ms @ http://localhost:3000/_next/static/chunks/node_modules_next_dist_1e8vcs8._.js:776
[  182670ms] [LOG] [Fast Refresh] done in 379ms @ http://localhost:3000/_next/static/chunks/node_modules_next_dist_1e8vcs8._.js:776
[  182733ms] [LOG] [Fast Refresh] done in 379ms @ http://localhost:3000/_next/static/chunks/node_modules_next_dist_1e8vcs8._.js:776
[  182795ms] [LOG] [Fast Refresh] done in 379ms @ http://localhost:3000/_next/static/chunks/node_modules_next_dist_1e8vcs8._.js:776
[  182858ms] [LOG] [Fast Refresh] done in 379ms @ http://localhost:3000/_next/static/chunks/node_modules_next_dist_1e8vcs8._.js:776
[  182919ms] [LOG] [Fast Refresh] done in 379ms @ http://localhost:3000/_next/static/chunks/node_modules_next_dist_1e8vcs8._.js:776
[  182980ms] [LOG] [Fast Refresh] done in 379ms @ http://localhost:3000/_next/static/chunks/node_modules_next_dist_1e8vcs8._.js:776
[  183043ms] [LOG] [Fast Refresh] done in 379ms @ http://localhost:3000/_next/static/chunks/node_modules_next_dist_1e8vcs8._.js:776
[  183104ms] [LOG] [Fast Refresh] done in 379ms @ http://localhost:3000/_next/static/chunks/node_modules_next_dist_1e8vcs8._.js:776
[  183167ms] [LOG] [Fast Refresh] done in 379ms @ http://localhost:3000/_next/static/chunks/node_modules_next_dist_1e8vcs8._.js:776
[  183227ms] [LOG] [Fast Refresh] done in 379ms @ http://localhost:3000/_next/static/chunks/node_modules_next_dist_1e8vcs8._.js:776
[  183288ms] [LOG] [Fast Refresh] done in 379ms @ http://localhost:3000/_next/static/chunks/node_modules_next_dist_1e8vcs8._.js:776
[  183349ms] [LOG] [Fast Refresh] done in 379ms @ http://localhost:3000/_next/static/chunks/node_modules_next_dist_1e8vcs8._.js:776
[  183412ms] [LOG] [Fast Refresh] done in 379ms @ http://localhost:3000/_next/static/chunks/node_modules_next_dist_1e8vcs8._.js:776
[  183475ms] [LOG] [Fast Refresh] done in 379ms @ http://localhost:3000/_next/static/chunks/node_modules_next_dist_1e8vcs8._.js:776
[  183538ms] [LOG] [Fast Refresh] done in 379ms @ http://localhost:3000/_next/static/chunks/node_modules_next_dist_1e8vcs8._.js:776
[  183599ms] [LOG] [Fast Refresh] done in 379ms @ http://localhost:3000/_next/static/chunks/node_modules_next_dist_1e8vcs8._.js:776
[  183660ms] [LOG] [Fast Refresh] done in 379ms @ http://localhost:3000/_next/static/chunks/node_modules_next_dist_1e8vcs8._.js:776
[  183724ms] [LOG] [Fast Refresh] done in 379ms @ http://localhost:3000/_next/static/chunks/node_modules_next_dist_1e8vcs8._.js:776
[  183787ms] [LOG] [Fast Refresh] done in 379ms @ http://localhost:3000/_next/static/chunks/node_modules_next_dist_1e8vcs8._.js:776
[  183848ms] [LOG] [Fast Refresh] done in 379ms @ http://localhost:3000/_next/static/chunks/node_modules_next_dist_1e8vcs8._.js:776
[  183910ms] [LOG] [Fast Refresh] done in 379ms @ http://localhost:3000/_next/static/chunks/node_modules_next_dist_1e8vcs8._.js:776
[  183973ms] [LOG] [Fast Refresh] done in 379ms @ http://localhost:3000/_next/static/chunks/node_modules_next_dist_1e8vcs8._.js:776
[  184034ms] [LOG] [Fast Refresh] done in 379ms @ http://localhost:3000/_next/static/chunks/node_modules_next_dist_1e8vcs8._.js:776
[  184097ms] [LOG] [Fast Refresh] done in 379ms @ http://localhost:3000/_next/static/chunks/node_modules_next_dist_1e8vcs8._.js:776
[  184158ms] [LOG] [Fast Refresh] done in 379ms @ http://localhost:3000/_next/static/chunks/node_modules_next_dist_1e8vcs8._.js:776
[  184220ms] [LOG] [Fast Refresh] done in 379ms @ http://localhost:3000/_next/static/chunks/node_modules_next_dist_1e8vcs8._.js:776
[  184282ms] [LOG] [Fast Refresh] done in 379ms @ http://localhost:3000/_next/static/chunks/node_modules_next_dist_1e8vcs8._.js:776
[  184343ms] [LOG] [Fast Refresh] done in 379ms @ http://localhost:3000/_next/static/chunks/node_modules_next_dist_1e8vcs8._.js:776
[  184404ms] [LOG] [Fast Refresh] done in 379ms @ http://localhost:3000/_next/static/chunks/node_modules_next_dist_1e8vcs8._.js:776
[  184465ms] [LOG] [Fast Refresh] done in 379ms @ http://localhost:3000/_next/static/chunks/node_modules_next_dist_1e8vcs8._.js:776
[  184527ms] [LOG] [Fast Refresh] done in 379ms @ http://localhost:3000/_next/static/chunks/node_modules_next_dist_1e8vcs8._.js:776
[  184588ms] [LOG] [Fast Refresh] done in 379ms @ http://localhost:3000/_next/static/chunks/node_modules_next_dist_1e8vcs8._.js:776
[  184651ms] [LOG] [Fast Refresh] done in 379ms @ http://localhost:3000/_next/static/chunks/node_modules_next_dist_1e8vcs8._.js:776
[  184713ms] [LOG] [Fast Refresh] done in 379ms @ http://localhost:3000/_next/static/chunks/node_modules_next_dist_1e8vcs8._.js:776
[  184790ms] [LOG] [Fast Refresh] done in 379ms @ http://localhost:3000/_next/static/chunks/node_modules_next_dist_1e8vcs8._.js:776
[  184851ms] [LOG] [Fast Refresh] done in 379ms @ http://localhost:3000/_next/static/chunks/node_modules_next_dist_1e8vcs8._.js:776
[  184913ms] [LOG] [Fast Refresh] done in 379ms @ http://localhost:3000/_next/static/chunks/node_modules_next_dist_1e8vcs8._.js:776
[  184976ms] [LOG] [Fast Refresh] done in 379ms @ http://localhost:3000/_next/static/chunks/node_modules_next_dist_1e8vcs8._.js:776
[  185043ms] [LOG] [Fast Refresh] done in 379ms @ http://localhost:3000/_next/static/chunks/node_modules_next_dist_1e8vcs8._.js:776
[  185102ms] [LOG] [Fast Refresh] done in 379ms @ http://localhost:3000/_next/static/chunks/node_modules_next_dist_1e8vcs8._.js:776
[  185165ms] [LOG] [Fast Refresh] done in 379ms @ http://localhost:3000/_next/static/chunks/node_modules_next_dist_1e8vcs8._.js:776
[  185226ms] [LOG] [Fast Refresh] done in 379ms @ http://localhost:3000/_next/static/chunks/node_modules_next_dist_1e8vcs8._.js:776
[  185290ms] [LOG] [Fast Refresh] done in 379ms @ http://localhost:3000/_next/static/chunks/node_modules_next_dist_1e8vcs8._.js:776
[  185353ms] [LOG] [Fast Refresh] done in 379ms @ http://localhost:3000/_next/static/chunks/node_modules_next_dist_1e8vcs8._.js:776
[  185412ms] [LOG] [Fast Refresh] done in 379ms @ http://localhost:3000/_next/static/chunks/node_modules_next_dist_1e8vcs8._.js:776
[  185475ms] [LOG] [Fast Refresh] done in 379ms @ http://localhost:3000/_next/static/chunks/node_modules_next_dist_1e8vcs8._.js:776
[  185537ms] [LOG] [Fast Refresh] done in 379ms @ http://localhost:3000/_next/static/chunks/node_modules_next_dist_1e8vcs8._.js:776
[  185600ms] [LOG] [Fast Refresh] done in 379ms @ http://localhost:3000/_next/static/chunks/node_modules_next_dist_1e8vcs8._.js:776
[  185663ms] [LOG] [Fast Refresh] done in 379ms @ http://localhost:3000/_next/static/chunks/node_modules_next_dist_1e8vcs8._.js:776
[  185724ms] [LOG] [Fast Refresh] done in 379ms @ http://localhost:3000/_next/static/chunks/node_modules_next_dist_1e8vcs8._.js:776
[  185787ms] [LOG] [Fast Refresh] done in 379ms @ http://localhost:3000/_next/static/chunks/node_modules_next_dist_1e8vcs8._.js:776
[  185853ms] [LOG] [Fast Refresh] done in 379ms @ http://localhost:3000/_next/static/chunks/node_modules_next_dist_1e8vcs8._.js:776
[  185912ms] [LOG] [Fast Refresh] done in 379ms @ http://localhost:3000/_next/static/chunks/node_modules_next_dist_1e8vcs8._.js:776
[  185974ms] [LOG] [Fast Refresh] done in 379ms @ http://localhost:3000/_next/static/chunks/node_modules_next_dist_1e8vcs8._.js:776
[  186037ms] [LOG] [Fast Refresh] done in 379ms @ http://localhost:3000/_next/static/chunks/node_modules_next_dist_1e8vcs8._.js:776
[  186099ms] [LOG] [Fast Refresh] done in 379ms @ http://localhost:3000/_next/static/chunks/node_modules_next_dist_1e8vcs8._.js:776
[  186163ms] [LOG] [Fast Refresh] done in 379ms @ http://localhost:3000/_next/static/chunks/node_modules_next_dist_1e8vcs8._.js:776
[  186225ms] [LOG] [Fast Refresh] done in 379ms @ http://localhost:3000/_next/static/chunks/node_modules_next_dist_1e8vcs8._.js:776
[  186288ms] [LOG] [Fast Refresh] done in 379ms @ http://localhost:3000/_next/static/chunks/node_modules_next_dist_1e8vcs8._.js:776
[  186350ms] [LOG] [Fast Refresh] done in 379ms @ http://localhost:3000/_next/static/chunks/node_modules_next_dist_1e8vcs8._.js:776
[  186411ms] [LOG] [Fast Refresh] done in 379ms @ http://localhost:3000/_next/static/chunks/node_modules_next_dist_1e8vcs8._.js:776
[  186475ms] [LOG] [Fast Refresh] done in 379ms @ http://localhost:3000/_next/static/chunks/node_modules_next_dist_1e8vcs8._.js:776
[  186537ms] [LOG] [Fast Refresh] done in 379ms @ http://localhost:3000/_next/static/chunks/node_modules_next_dist_1e8vcs8._.js:776
[  186597ms] [LOG] [Fast Refresh] done in 379ms @ http://localhost:3000/_next/static/chunks/node_modules_next_dist_1e8vcs8._.js:776
[  186659ms] [LOG] [Fast Refresh] done in 379ms @ http://localhost:3000/_next/static/chunks/node_modules_next_dist_1e8vcs8._.js:776
[  186720ms] [LOG] [Fast Refresh] done in 379ms @ http://localhost:3000/_next/static/chunks/node_modules_next_dist_1e8vcs8._.js:776
[  186782ms] [LOG] [Fast Refresh] done in 379ms @ http://localhost:3000/_next/static/chunks/node_modules_next_dist_1e8vcs8._.js:776
[  186843ms] [LOG] [Fast Refresh] done in 379ms @ http://localhost:3000/_next/static/chunks/node_modules_next_dist_1e8vcs8._.js:776
[  186905ms] [LOG] [Fast Refresh] done in 379ms @ http://localhost:3000/_next/static/chunks/node_modules_next_dist_1e8vcs8._.js:776
[  186968ms] [LOG] [Fast Refresh] done in 379ms @ http://localhost:3000/_next/static/chunks/node_modules_next_dist_1e8vcs8._.js:776
[  187030ms] [LOG] [Fast Refresh] done in 379ms @ http://localhost:3000/_next/static/chunks/node_modules_next_dist_1e8vcs8._.js:776
[  187093ms] [LOG] [Fast Refresh] done in 379ms @ http://localhost:3000/_next/static/chunks/node_modules_next_dist_1e8vcs8._.js:776
[  187154ms] [LOG] [Fast Refresh] done in 379ms @ http://localhost:3000/_next/static/chunks/node_modules_next_dist_1e8vcs8._.js:776
[  187216ms] [LOG] [Fast Refresh] done in 379ms @ http://localhost:3000/_next/static/chunks/node_modules_next_dist_1e8vcs8._.js:776
[  187279ms] [LOG] [Fast Refresh] done in 379ms @ http://localhost:3000/_next/static/chunks/node_modules_next_dist_1e8vcs8._.js:776
[  187343ms] [LOG] [Fast Refresh] done in 379ms @ http://localhost:3000/_next/static/chunks/node_modules_next_dist_1e8vcs8._.js:776
[  187405ms] [LOG] [Fast Refresh] done in 379ms @ http://localhost:3000/_next/static/chunks/node_modules_next_dist_1e8vcs8._.js:776
[  187466ms] [LOG] [Fast Refresh] done in 379ms @ http://localhost:3000/_next/static/chunks/node_modules_next_dist_1e8vcs8._.js:776
[  187528ms] [LOG] [Fast Refresh] done in 379ms @ http://localhost:3000/_next/static/chunks/node_modules_next_dist_1e8vcs8._.js:776
[  187591ms] [LOG] [Fast Refresh] done in 379ms @ http://localhost:3000/_next/static/chunks/node_modules_next_dist_1e8vcs8._.js:776
[  187653ms] [LOG] [Fast Refresh] done in 379ms @ http://localhost:3000/_next/static/chunks/node_modules_next_dist_1e8vcs8._.js:776
[  187714ms] [LOG] [Fast Refresh] done in 379ms @ http://localhost:3000/_next/static/chunks/node_modules_next_dist_1e8vcs8._.js:776
[  187776ms] [LOG] [Fast Refresh] done in 379ms @ http://localhost:3000/_next/static/chunks/node_modules_next_dist_1e8vcs8._.js:776
[  187837ms] [LOG] [Fast Refresh] done in 379ms @ http://localhost:3000/_next/static/chunks/node_modules_next_dist_1e8vcs8._.js:776
[  187900ms] [LOG] [Fast Refresh] done in 379ms @ http://localhost:3000/_next/static/chunks/node_modules_next_dist_1e8vcs8._.js:776
[  187963ms] [LOG] [Fast Refresh] done in 379ms @ http://localhost:3000/_next/static/chunks/node_modules_next_dist_1e8vcs8._.js:776
[  188025ms] [LOG] [Fast Refresh] done in 379ms @ http://localhost:3000/_next/static/chunks/node_modules_next_dist_1e8vcs8._.js:776
[  188086ms] [LOG] [Fast Refresh] done in 379ms @ http://localhost:3000/_next/static/chunks/node_modules_next_dist_1e8vcs8._.js:776
[  188147ms] [LOG] [Fast Refresh] done in 379ms @ http://localhost:3000/_next/static/chunks/node_modules_next_dist_1e8vcs8._.js:776
[  188209ms] [LOG] [Fast Refresh] done in 379ms @ http://localhost:3000/_next/static/chunks/node_modules_next_dist_1e8vcs8._.js:776
[  188271ms] [LOG] [Fast Refresh] done in 379ms @ http://localhost:3000/_next/static/chunks/node_modules_next_dist_1e8vcs8._.js:776
[  188334ms] [LOG] [Fast Refresh] done in 379ms @ http://localhost:3000/_next/static/chunks/node_modules_next_dist_1e8vcs8._.js:776
[  188397ms] [LOG] [Fast Refresh] done in 379ms @ http://localhost:3000/_next/static/chunks/node_modules_next_dist_1e8vcs8._.js:776
[  188459ms] [LOG] [Fast Refresh] done in 379ms @ http://localhost:3000/_next/static/chunks/node_modules_next_dist_1e8vcs8._.js:776
[  188520ms] [LOG] [Fast Refresh] done in 379ms @ http://localhost:3000/_next/static/chunks/node_modules_next_dist_1e8vcs8._.js:776
[  188581ms] [LOG] [Fast Refresh] done in 379ms @ http://localhost:3000/_next/static/chunks/node_modules_next_dist_1e8vcs8._.js:776
[  188644ms] [LOG] [Fast Refresh] done in 379ms @ http://localhost:3000/_next/static/chunks/node_modules_next_dist_1e8vcs8._.js:776
[  188707ms] [LOG] [Fast Refresh] done in 379ms @ http://localhost:3000/_next/static/chunks/node_modules_next_dist_1e8vcs8._.js:776
[  188770ms] [LOG] [Fast Refresh] done in 379ms @ http://localhost:3000/_next/static/chunks/node_modules_next_dist_1e8vcs8._.js:776
[  188832ms] [LOG] [Fast Refresh] done in 379ms @ http://localhost:3000/_next/static/chunks/node_modules_next_dist_1e8vcs8._.js:776
[  188893ms] [LOG] [Fast Refresh] done in 379ms @ http://localhost:3000/_next/static/chunks/node_modules_next_dist_1e8vcs8._.js:776
[  188956ms] [LOG] [Fast Refresh] done in 379ms @ http://localhost:3000/_next/static/chunks/node_modules_next_dist_1e8vcs8._.js:776
[  189019ms] [LOG] [Fast Refresh] done in 379ms @ http://localhost:3000/_next/static/chunks/node_modules_next_dist_1e8vcs8._.js:776
[  189084ms] [LOG] [Fast Refresh] done in 379ms @ http://localhost:3000/_next/static/chunks/node_modules_next_dist_1e8vcs8._.js:776
[  189144ms] [LOG] [Fast Refresh] done in 379ms @ http://localhost:3000/_next/static/chunks/node_modules_next_dist_1e8vcs8._.js:776
[  189207ms] [LOG] [Fast Refresh] done in 379ms @ http://localhost:3000/_next/static/chunks/node_modules_next_dist_1e8vcs8._.js:776
[  189270ms] [LOG] [Fast Refresh] done in 379ms @ http://localhost:3000/_next/static/chunks/node_modules_next_dist_1e8vcs8._.js:776
[  189330ms] [LOG] [Fast Refresh] done in 379ms @ http://localhost:3000/_next/static/chunks/node_modules_next_dist_1e8vcs8._.js:776
[  189393ms] [LOG] [Fast Refresh] done in 379ms @ http://localhost:3000/_next/static/chunks/node_modules_next_dist_1e8vcs8._.js:776
[  189456ms] [LOG] [Fast Refresh] done in 379ms @ http://localhost:3000/_next/static/chunks/node_modules_next_dist_1e8vcs8._.js:776
[  189517ms] [LOG] [Fast Refresh] done in 379ms @ http://localhost:3000/_next/static/chunks/node_modules_next_dist_1e8vcs8._.js:776
[  189579ms] [LOG] [Fast Refresh] done in 379ms @ http://localhost:3000/_next/static/chunks/node_modules_next_dist_1e8vcs8._.js:776
[  189641ms] [LOG] [Fast Refresh] done in 379ms @ http://localhost:3000/_next/static/chunks/node_modules_next_dist_1e8vcs8._.js:776
[  189701ms] [LOG] [Fast Refresh] done in 379ms @ http://localhost:3000/_next/static/chunks/node_modules_next_dist_1e8vcs8._.js:776
[  189763ms] [LOG] [Fast Refresh] done in 379ms @ http://localhost:3000/_next/static/chunks/node_modules_next_dist_1e8vcs8._.js:776
[  189840ms] [LOG] [Fast Refresh] done in 379ms @ http://localhost:3000/_next/static/chunks/node_modules_next_dist_1e8vcs8._.js:776
[  189901ms] [LOG] [Fast Refresh] done in 379ms @ http://localhost:3000/_next/static/chunks/node_modules_next_dist_1e8vcs8._.js:776
[  189948ms] [LOG] [Fast Refresh] done in 379ms @ http://localhost:3000/_next/static/chunks/node_modules_next_dist_1e8vcs8._.js:776
[  190010ms] [LOG] [Fast Refresh] done in 379ms @ http://localhost:3000/_next/static/chunks/node_modules_next_dist_1e8vcs8._.js:776
[  190073ms] [LOG] [Fast Refresh] done in 379ms @ http://localhost:3000/_next/static/chunks/node_modules_next_dist_1e8vcs8._.js:776
[  190137ms] [LOG] [Fast Refresh] done in 379ms @ http://localhost:3000/_next/static/chunks/node_modules_next_dist_1e8vcs8._.js:776
[  190205ms] [LOG] [Fast Refresh] done in 379ms @ http://localhost:3000/_next/static/chunks/node_modules_next_dist_1e8vcs8._.js:776
[  190260ms] [LOG] [Fast Refresh] done in 379ms @ http://localhost:3000/_next/static/chunks/node_modules_next_dist_1e8vcs8._.js:776
[  190322ms] [LOG] [Fast Refresh] done in 379ms @ http://localhost:3000/_next/static/chunks/node_modules_next_dist_1e8vcs8._.js:776
[  190385ms] [LOG] [Fast Refresh] done in 379ms @ http://localhost:3000/_next/static/chunks/node_modules_next_dist_1e8vcs8._.js:776
[  190446ms] [LOG] [Fast Refresh] done in 379ms @ http://localhost:3000/_next/static/chunks/node_modules_next_dist_1e8vcs8._.js:776
[  190508ms] [LOG] [Fast Refresh] done in 379ms @ http://localhost:3000/_next/static/chunks/node_modules_next_dist_1e8vcs8._.js:776
[  190570ms] [LOG] [Fast Refresh] done in 379ms @ http://localhost:3000/_next/static/chunks/node_modules_next_dist_1e8vcs8._.js:776
[  190632ms] [LOG] [Fast Refresh] done in 379ms @ http://localhost:3000/_next/static/chunks/node_modules_next_dist_1e8vcs8._.js:776
[  190694ms] [LOG] [Fast Refresh] done in 379ms @ http://localhost:3000/_next/static/chunks/node_modules_next_dist_1e8vcs8._.js:776
[  190756ms] [LOG] [Fast Refresh] done in 379ms @ http://localhost:3000/_next/static/chunks/node_modules_next_dist_1e8vcs8._.js:776
[  190820ms] [LOG] [Fast Refresh] done in 379ms @ http://localhost:3000/_next/static/chunks/node_modules_next_dist_1e8vcs8._.js:776
[  190881ms] [LOG] [Fast Refresh] done in 379ms @ http://localhost:3000/_next/static/chunks/node_modules_next_dist_1e8vcs8._.js:776
[  190943ms] [LOG] [Fast Refresh] done in 379ms @ http://localhost:3000/_next/static/chunks/node_modules_next_dist_1e8vcs8._.js:776
[  191005ms] [LOG] [Fast Refresh] done in 379ms @ http://localhost:3000/_next/static/chunks/node_modules_next_dist_1e8vcs8._.js:776
[  191068ms] [LOG] [Fast Refresh] done in 379ms @ http://localhost:3000/_next/static/chunks/node_modules_next_dist_1e8vcs8._.js:776
[  191132ms] [LOG] [Fast Refresh] done in 379ms @ http://localhost:3000/_next/static/chunks/node_modules_next_dist_1e8vcs8._.js:776
[  191193ms] [LOG] [Fast Refresh] done in 379ms @ http://localhost:3000/_next/static/chunks/node_modules_next_dist_1e8vcs8._.js:776
[  191257ms] [LOG] [Fast Refresh] done in 379ms @ http://localhost:3000/_next/static/chunks/node_modules_next_dist_1e8vcs8._.js:776
[  191319ms] [LOG] [Fast Refresh] done in 379ms @ http://localhost:3000/_next/static/chunks/node_modules_next_dist_1e8vcs8._.js:776
[  191381ms] [LOG] [Fast Refresh] done in 379ms @ http://localhost:3000/_next/static/chunks/node_modules_next_dist_1e8vcs8._.js:776
[  191443ms] [LOG] [Fast Refresh] done in 379ms @ http://localhost:3000/_next/static/chunks/node_modules_next_dist_1e8vcs8._.js:776
[  191505ms] [LOG] [Fast Refresh] done in 379ms @ http://localhost:3000/_next/static/chunks/node_modules_next_dist_1e8vcs8._.js:776
[  191568ms] [LOG] [Fast Refresh] done in 379ms @ http://localhost:3000/_next/static/chunks/node_modules_next_dist_1e8vcs8._.js:776
[  191631ms] [LOG] [Fast Refresh] done in 379ms @ http://localhost:3000/_next/static/chunks/node_modules_next_dist_1e8vcs8._.js:776
[  191694ms] [LOG] [Fast Refresh] done in 379ms @ http://localhost:3000/_next/static/chunks/node_modules_next_dist_1e8vcs8._.js:776
[  191757ms] [LOG] [Fast Refresh] done in 379ms @ http://localhost:3000/_next/static/chunks/node_modules_next_dist_1e8vcs8._.js:776
[  191818ms] [LOG] [Fast Refresh] done in 379ms @ http://localhost:3000/_next/static/chunks/node_modules_next_dist_1e8vcs8._.js:776
[  191879ms] [LOG] [Fast Refresh] done in 379ms @ http://localhost:3000/_next/static/chunks/node_modules_next_dist_1e8vcs8._.js:776
[  191943ms] [LOG] [Fast Refresh] done in 379ms @ http://localhost:3000/_next/static/chunks/node_modules_next_dist_1e8vcs8._.js:776
[  192007ms] [LOG] [Fast Refresh] done in 379ms @ http://localhost:3000/_next/static/chunks/node_modules_next_dist_1e8vcs8._.js:776
[  192068ms] [LOG] [Fast Refresh] done in 379ms @ http://localhost:3000/_next/static/chunks/node_modules_next_dist_1e8vcs8._.js:776
[  192130ms] [LOG] [Fast Refresh] done in 379ms @ http://localhost:3000/_next/static/chunks/node_modules_next_dist_1e8vcs8._.js:776
[  192194ms] [LOG] [Fast Refresh] done in 379ms @ http://localhost:3000/_next/static/chunks/node_modules_next_dist_1e8vcs8._.js:776
[  192256ms] [LOG] [Fast Refresh] done in 379ms @ http://localhost:3000/_next/static/chunks/node_modules_next_dist_1e8vcs8._.js:776
[  192318ms] [LOG] [Fast Refresh] done in 379ms @ http://localhost:3000/_next/static/chunks/node_modules_next_dist_1e8vcs8._.js:776
[  192380ms] [LOG] [Fast Refresh] done in 379ms @ http://localhost:3000/_next/static/chunks/node_modules_next_dist_1e8vcs8._.js:776
[  192441ms] [LOG] [Fast Refresh] done in 379ms @ http://localhost:3000/_next/static/chunks/node_modules_next_dist_1e8vcs8._.js:776
[  192503ms] [LOG] [Fast Refresh] done in 379ms @ http://localhost:3000/_next/static/chunks/node_modules_next_dist_1e8vcs8._.js:776
[  192567ms] [LOG] [Fast Refresh] done in 379ms @ http://localhost:3000/_next/static/chunks/node_modules_next_dist_1e8vcs8._.js:776
[  192628ms] [LOG] [Fast Refresh] done in 379ms @ http://localhost:3000/_next/static/chunks/node_modules_next_dist_1e8vcs8._.js:776
[  192691ms] [LOG] [Fast Refresh] done in 379ms @ http://localhost:3000/_next/static/chunks/node_modules_next_dist_1e8vcs8._.js:776
[  192751ms] [LOG] [Fast Refresh] done in 379ms @ http://localhost:3000/_next/static/chunks/node_modules_next_dist_1e8vcs8._.js:776
[  192813ms] [LOG] [Fast Refresh] done in 379ms @ http://localhost:3000/_next/static/chunks/node_modules_next_dist_1e8vcs8._.js:776
[  192875ms] [LOG] [Fast Refresh] done in 379ms @ http://localhost:3000/_next/static/chunks/node_modules_next_dist_1e8vcs8._.js:776
[  192937ms] [LOG] [Fast Refresh] done in 379ms @ http://localhost:3000/_next/static/chunks/node_modules_next_dist_1e8vcs8._.js:776
[  192998ms] [LOG] [Fast Refresh] done in 379ms @ http://localhost:3000/_next/static/chunks/node_modules_next_dist_1e8vcs8._.js:776
[  193060ms] [LOG] [Fast Refresh] done in 379ms @ http://localhost:3000/_next/static/chunks/node_modules_next_dist_1e8vcs8._.js:776
[  193124ms] [LOG] [Fast Refresh] done in 379ms @ http://localhost:3000/_next/static/chunks/node_modules_next_dist_1e8vcs8._.js:776
[  193186ms] [LOG] [Fast Refresh] done in 379ms @ http://localhost:3000/_next/static/chunks/node_modules_next_dist_1e8vcs8._.js:776
[  193248ms] [LOG] [Fast Refresh] done in 379ms @ http://localhost:3000/_next/static/chunks/node_modules_next_dist_1e8vcs8._.js:776
[  193311ms] [LOG] [Fast Refresh] done in 379ms @ http://localhost:3000/_next/static/chunks/node_modules_next_dist_1e8vcs8._.js:776
[  193374ms] [LOG] [Fast Refresh] done in 379ms @ http://localhost:3000/_next/static/chunks/node_modules_next_dist_1e8vcs8._.js:776
[  193436ms] [LOG] [Fast Refresh] done in 379ms @ http://localhost:3000/_next/static/chunks/node_modules_next_dist_1e8vcs8._.js:776
[  193499ms] [LOG] [Fast Refresh] done in 379ms @ http://localhost:3000/_next/static/chunks/node_modules_next_dist_1e8vcs8._.js:776
[  193562ms] [LOG] [Fast Refresh] done in 379ms @ http://localhost:3000/_next/static/chunks/node_modules_next_dist_1e8vcs8._.js:776
[  193624ms] [LOG] [Fast Refresh] done in 379ms @ http://localhost:3000/_next/static/chunks/node_modules_next_dist_1e8vcs8._.js:776
[  193686ms] [LOG] [Fast Refresh] done in 379ms @ http://localhost:3000/_next/static/chunks/node_modules_next_dist_1e8vcs8._.js:776
[  193748ms] [LOG] [Fast Refresh] done in 379ms @ http://localhost:3000/_next/static/chunks/node_modules_next_dist_1e8vcs8._.js:776
[  193811ms] [LOG] [Fast Refresh] done in 379ms @ http://localhost:3000/_next/static/chunks/node_modules_next_dist_1e8vcs8._.js:776
[  193875ms] [LOG] [Fast Refresh] done in 379ms @ http://localhost:3000/_next/static/chunks/node_modules_next_dist_1e8vcs8._.js:776
[  193935ms] [LOG] [Fast Refresh] done in 379ms @ http://localhost:3000/_next/static/chunks/node_modules_next_dist_1e8vcs8._.js:776
[  193996ms] [LOG] [Fast Refresh] done in 379ms @ http://localhost:3000/_next/static/chunks/node_modules_next_dist_1e8vcs8._.js:776
[  194059ms] [LOG] [Fast Refresh] done in 379ms @ http://localhost:3000/_next/static/chunks/node_modules_next_dist_1e8vcs8._.js:776
[  194122ms] [LOG] [Fast Refresh] done in 379ms @ http://localhost:3000/_next/static/chunks/node_modules_next_dist_1e8vcs8._.js:776
[  194183ms] [LOG] [Fast Refresh] done in 379ms @ http://localhost:3000/_next/static/chunks/node_modules_next_dist_1e8vcs8._.js:776
[  194248ms] [LOG] [Fast Refresh] done in 379ms @ http://localhost:3000/_next/static/chunks/node_modules_next_dist_1e8vcs8._.js:776
[  194307ms] [LOG] [Fast Refresh] done in 379ms @ http://localhost:3000/_next/static/chunks/node_modules_next_dist_1e8vcs8._.js:776
[  194370ms] [LOG] [Fast Refresh] done in 379ms @ http://localhost:3000/_next/static/chunks/node_modules_next_dist_1e8vcs8._.js:776
[  194430ms] [LOG] [Fast Refresh] done in 379ms @ http://localhost:3000/_next/static/chunks/node_modules_next_dist_1e8vcs8._.js:776
[  194493ms] [LOG] [Fast Refresh] done in 379ms @ http://localhost:3000/_next/static/chunks/node_modules_next_dist_1e8vcs8._.js:776
[  194555ms] [LOG] [Fast Refresh] done in 379ms @ http://localhost:3000/_next/static/chunks/node_modules_next_dist_1e8vcs8._.js:776
[  194617ms] [LOG] [Fast Refresh] done in 379ms @ http://localhost:3000/_next/static/chunks/node_modules_next_dist_1e8vcs8._.js:776
[  194681ms] [LOG] [Fast Refresh] done in 379ms @ http://localhost:3000/_next/static/chunks/node_modules_next_dist_1e8vcs8._.js:776
[  194730ms] [LOG] [Fast Refresh] done in 379ms @ http://localhost:3000/_next/static/chunks/node_modules_next_dist_1e8vcs8._.js:776
[  194792ms] [LOG] [Fast Refresh] done in 379ms @ http://localhost:3000/_next/static/chunks/node_modules_next_dist_1e8vcs8._.js:776
[  194856ms] [LOG] [Fast Refresh] done in 379ms @ http://localhost:3000/_next/static/chunks/node_modules_next_dist_1e8vcs8._.js:776
[  194918ms] [LOG] [Fast Refresh] done in 379ms @ http://localhost:3000/_next/static/chunks/node_modules_next_dist_1e8vcs8._.js:776
[  194980ms] [LOG] [Fast Refresh] done in 379ms @ http://localhost:3000/_next/static/chunks/node_modules_next_dist_1e8vcs8._.js:776
[  195042ms] [LOG] [Fast Refresh] done in 379ms @ http://localhost:3000/_next/static/chunks/node_modules_next_dist_1e8vcs8._.js:776
[  195104ms] [LOG] [Fast Refresh] done in 379ms @ http://localhost:3000/_next/static/chunks/node_modules_next_dist_1e8vcs8._.js:776
[  195169ms] [LOG] [Fast Refresh] done in 379ms @ http://localhost:3000/_next/static/chunks/node_modules_next_dist_1e8vcs8._.js:776
[  195229ms] [LOG] [Fast Refresh] done in 379ms @ http://localhost:3000/_next/static/chunks/node_modules_next_dist_1e8vcs8._.js:776
[  195291ms] [LOG] [Fast Refresh] done in 379ms @ http://localhost:3000/_next/static/chunks/node_modules_next_dist_1e8vcs8._.js:776
[  195353ms] [LOG] [Fast Refresh] done in 379ms @ http://localhost:3000/_next/static/chunks/node_modules_next_dist_1e8vcs8._.js:776
[  195414ms] [LOG] [Fast Refresh] done in 379ms @ http://localhost:3000/_next/static/chunks/node_modules_next_dist_1e8vcs8._.js:776
[  195476ms] [LOG] [Fast Refresh] done in 379ms @ http://localhost:3000/_next/static/chunks/node_modules_next_dist_1e8vcs8._.js:776
[  195539ms] [LOG] [Fast Refresh] done in 379ms @ http://localhost:3000/_next/static/chunks/node_modules_next_dist_1e8vcs8._.js:776
[  195602ms] [LOG] [Fast Refresh] done in 379ms @ http://localhost:3000/_next/static/chunks/node_modules_next_dist_1e8vcs8._.js:776
[  195665ms] [LOG] [Fast Refresh] done in 379ms @ http://localhost:3000/_next/static/chunks/node_modules_next_dist_1e8vcs8._.js:776
[  195728ms] [LOG] [Fast Refresh] done in 379ms @ http://localhost:3000/_next/static/chunks/node_modules_next_dist_1e8vcs8._.js:776
[  195791ms] [LOG] [Fast Refresh] done in 379ms @ http://localhost:3000/_next/static/chunks/node_modules_next_dist_1e8vcs8._.js:776
[  195855ms] [LOG] [Fast Refresh] done in 379ms @ http://localhost:3000/_next/static/chunks/node_modules_next_dist_1e8vcs8._.js:776
[  195917ms] [LOG] [Fast Refresh] done in 379ms @ http://localhost:3000/_next/static/chunks/node_modules_next_dist_1e8vcs8._.js:776
[  195979ms] [LOG] [Fast Refresh] done in 379ms @ http://localhost:3000/_next/static/chunks/node_modules_next_dist_1e8vcs8._.js:776
[  196040ms] [LOG] [Fast Refresh] done in 379ms @ http://localhost:3000/_next/static/chunks/node_modules_next_dist_1e8vcs8._.js:776
[  196103ms] [LOG] [Fast Refresh] done in 379ms @ http://localhost:3000/_next/static/chunks/node_modules_next_dist_1e8vcs8._.js:776
[  196166ms] [LOG] [Fast Refresh] done in 379ms @ http://localhost:3000/_next/static/chunks/node_modules_next_dist_1e8vcs8._.js:776
[  196228ms] [LOG] [Fast Refresh] done in 379ms @ http://localhost:3000/_next/static/chunks/node_modules_next_dist_1e8vcs8._.js:776
[  196290ms] [LOG] [Fast Refresh] done in 379ms @ http://localhost:3000/_next/static/chunks/node_modules_next_dist_1e8vcs8._.js:776
[  196352ms] [LOG] [Fast Refresh] done in 379ms @ http://localhost:3000/_next/static/chunks/node_modules_next_dist_1e8vcs8._.js:776
[  196413ms] [LOG] [Fast Refresh] done in 379ms @ http://localhost:3000/_next/static/chunks/node_modules_next_dist_1e8vcs8._.js:776
[  196475ms] [LOG] [Fast Refresh] done in 379ms @ http://localhost:3000/_next/static/chunks/node_modules_next_dist_1e8vcs8._.js:776
[  196538ms] [LOG] [Fast Refresh] done in 379ms @ http://localhost:3000/_next/static/chunks/node_modules_next_dist_1e8vcs8._.js:776
[  196600ms] [LOG] [Fast Refresh] done in 379ms @ http://localhost:3000/_next/static/chunks/node_modules_next_dist_1e8vcs8._.js:776
[  196664ms] [LOG] [Fast Refresh] done in 379ms @ http://localhost:3000/_next/static/chunks/node_modules_next_dist_1e8vcs8._.js:776
[  196727ms] [LOG] [Fast Refresh] done in 379ms @ http://localhost:3000/_next/static/chunks/node_modules_next_dist_1e8vcs8._.js:776
[  196789ms] [LOG] [Fast Refresh] done in 379ms @ http://localhost:3000/_next/static/chunks/node_modules_next_dist_1e8vcs8._.js:776
[  196851ms] [LOG] [Fast Refresh] done in 379ms @ http://localhost:3000/_next/static/chunks/node_modules_next_dist_1e8vcs8._.js:776
[  196914ms] [LOG] [Fast Refresh] done in 379ms @ http://localhost:3000/_next/static/chunks/node_modules_next_dist_1e8vcs8._.js:776
[  196975ms] [LOG] [Fast Refresh] done in 379ms @ http://localhost:3000/_next/static/chunks/node_modules_next_dist_1e8vcs8._.js:776
[  197039ms] [LOG] [Fast Refresh] done in 379ms @ http://localhost:3000/_next/static/chunks/node_modules_next_dist_1e8vcs8._.js:776
[  197102ms] [LOG] [Fast Refresh] done in 379ms @ http://localhost:3000/_next/static/chunks/node_modules_next_dist_1e8vcs8._.js:776
[  197164ms] [LOG] [Fast Refresh] done in 379ms @ http://localhost:3000/_next/static/chunks/node_modules_next_dist_1e8vcs8._.js:776
[  197227ms] [LOG] [Fast Refresh] done in 379ms @ http://localhost:3000/_next/static/chunks/node_modules_next_dist_1e8vcs8._.js:776
[  197289ms] [LOG] [Fast Refresh] done in 379ms @ http://localhost:3000/_next/static/chunks/node_modules_next_dist_1e8vcs8._.js:776
[  197350ms] [LOG] [Fast Refresh] done in 379ms @ http://localhost:3000/_next/static/chunks/node_modules_next_dist_1e8vcs8._.js:776
[  197414ms] [LOG] [Fast Refresh] done in 379ms @ http://localhost:3000/_next/static/chunks/node_modules_next_dist_1e8vcs8._.js:776
[  197477ms] [LOG] [Fast Refresh] done in 379ms @ http://localhost:3000/_next/static/chunks/node_modules_next_dist_1e8vcs8._.js:776
[  197539ms] [LOG] [Fast Refresh] done in 379ms @ http://localhost:3000/_next/static/chunks/node_modules_next_dist_1e8vcs8._.js:776
[  197605ms] [LOG] [Fast Refresh] done in 379ms @ http://localhost:3000/_next/static/chunks/node_modules_next_dist_1e8vcs8._.js:776
[  197665ms] [LOG] [Fast Refresh] done in 379ms @ http://localhost:3000/_next/static/chunks/node_modules_next_dist_1e8vcs8._.js:776
[  197727ms] [LOG] [Fast Refresh] done in 379ms @ http://localhost:3000/_next/static/chunks/node_modules_next_dist_1e8vcs8._.js:776
[  197790ms] [LOG] [Fast Refresh] done in 379ms @ http://localhost:3000/_next/static/chunks/node_modules_next_dist_1e8vcs8._.js:776
[  197852ms] [LOG] [Fast Refresh] done in 379ms @ http://localhost:3000/_next/static/chunks/node_modules_next_dist_1e8vcs8._.js:776
[  197914ms] [LOG] [Fast Refresh] done in 379ms @ http://localhost:3000/_next/static/chunks/node_modules_next_dist_1e8vcs8._.js:776
[  197978ms] [LOG] [Fast Refresh] done in 379ms @ http://localhost:3000/_next/static/chunks/node_modules_next_dist_1e8vcs8._.js:776
[  198039ms] [LOG] [Fast Refresh] done in 379ms @ http://localhost:3000/_next/static/chunks/node_modules_next_dist_1e8vcs8._.js:776
[  198100ms] [LOG] [Fast Refresh] done in 379ms @ http://localhost:3000/_next/static/chunks/node_modules_next_dist_1e8vcs8._.js:776
[  198161ms] [LOG] [Fast Refresh] done in 379ms @ http://localhost:3000/_next/static/chunks/node_modules_next_dist_1e8vcs8._.js:776
[  198222ms] [LOG] [Fast Refresh] done in 379ms @ http://localhost:3000/_next/static/chunks/node_modules_next_dist_1e8vcs8._.js:776
[  198285ms] [LOG] [Fast Refresh] done in 379ms @ http://localhost:3000/_next/static/chunks/node_modules_next_dist_1e8vcs8._.js:776
[  198347ms] [LOG] [Fast Refresh] done in 379ms @ http://localhost:3000/_next/static/chunks/node_modules_next_dist_1e8vcs8._.js:776
[  198409ms] [LOG] [Fast Refresh] done in 379ms @ http://localhost:3000/_next/static/chunks/node_modules_next_dist_1e8vcs8._.js:776
[  198472ms] [LOG] [Fast Refresh] done in 379ms @ http://localhost:3000/_next/static/chunks/node_modules_next_dist_1e8vcs8._.js:776
[  198533ms] [LOG] [Fast Refresh] done in 379ms @ http://localhost:3000/_next/static/chunks/node_modules_next_dist_1e8vcs8._.js:776
[  198596ms] [LOG] [Fast Refresh] done in 379ms @ http://localhost:3000/_next/static/chunks/node_modules_next_dist_1e8vcs8._.js:776
[  198658ms] [LOG] [Fast Refresh] done in 379ms @ http://localhost:3000/_next/static/chunks/node_modules_next_dist_1e8vcs8._.js:776
[  198720ms] [LOG] [Fast Refresh] done in 379ms @ http://localhost:3000/_next/static/chunks/node_modules_next_dist_1e8vcs8._.js:776
[  198783ms] [LOG] [Fast Refresh] done in 379ms @ http://localhost:3000/_next/static/chunks/node_modules_next_dist_1e8vcs8._.js:776
[  198846ms] [LOG] [Fast Refresh] done in 379ms @ http://localhost:3000/_next/static/chunks/node_modules_next_dist_1e8vcs8._.js:776
[  198908ms] [LOG] [Fast Refresh] done in 379ms @ http://localhost:3000/_next/static/chunks/node_modules_next_dist_1e8vcs8._.js:776
[  198968ms] [LOG] [Fast Refresh] done in 379ms @ http://localhost:3000/_next/static/chunks/node_modules_next_dist_1e8vcs8._.js:776
[  199031ms] [LOG] [Fast Refresh] done in 379ms @ http://localhost:3000/_next/static/chunks/node_modules_next_dist_1e8vcs8._.js:776
[  199094ms] [LOG] [Fast Refresh] done in 379ms @ http://localhost:3000/_next/static/chunks/node_modules_next_dist_1e8vcs8._.js:776
[  199158ms] [LOG] [Fast Refresh] done in 379ms @ http://localhost:3000/_next/static/chunks/node_modules_next_dist_1e8vcs8._.js:776
[  199220ms] [LOG] [Fast Refresh] done in 379ms @ http://localhost:3000/_next/static/chunks/node_modules_next_dist_1e8vcs8._.js:776
[  199282ms] [LOG] [Fast Refresh] done in 379ms @ http://localhost:3000/_next/static/chunks/node_modules_next_dist_1e8vcs8._.js:776
[  199345ms] [LOG] [Fast Refresh] done in 379ms @ http://localhost:3000/_next/static/chunks/node_modules_next_dist_1e8vcs8._.js:776
[  199408ms] [LOG] [Fast Refresh] done in 379ms @ http://localhost:3000/_next/static/chunks/node_modules_next_dist_1e8vcs8._.js:776
[  199470ms] [LOG] [Fast Refresh] done in 379ms @ http://localhost:3000/_next/static/chunks/node_modules_next_dist_1e8vcs8._.js:776
[  199533ms] [LOG] [Fast Refresh] done in 379ms @ http://localhost:3000/_next/static/chunks/node_modules_next_dist_1e8vcs8._.js:776
[  199596ms] [LOG] [Fast Refresh] done in 379ms @ http://localhost:3000/_next/static/chunks/node_modules_next_dist_1e8vcs8._.js:776
[  199659ms] [LOG] [Fast Refresh] done in 379ms @ http://localhost:3000/_next/static/chunks/node_modules_next_dist_1e8vcs8._.js:776
[  199722ms] [LOG] [Fast Refresh] done in 379ms @ http://localhost:3000/_next/static/chunks/node_modules_next_dist_1e8vcs8._.js:776
[  199783ms] [LOG] [Fast Refresh] done in 379ms @ http://localhost:3000/_next/static/chunks/node_modules_next_dist_1e8vcs8._.js:776
[  199846ms] [LOG] [Fast Refresh] done in 379ms @ http://localhost:3000/_next/static/chunks/node_modules_next_dist_1e8vcs8._.js:776
[  199909ms] [LOG] [Fast Refresh] done in 379ms @ http://localhost:3000/_next/static/chunks/node_modules_next_dist_1e8vcs8._.js:776
[  199972ms] [LOG] [Fast Refresh] done in 379ms @ http://localhost:3000/_next/static/chunks/node_modules_next_dist_1e8vcs8._.js:776
[  200033ms] [LOG] [Fast Refresh] done in 379ms @ http://localhost:3000/_next/static/chunks/node_modules_next_dist_1e8vcs8._.js:776
[  200096ms] [LOG] [Fast Refresh] done in 379ms @ http://localhost:3000/_next/static/chunks/node_modules_next_dist_1e8vcs8._.js:776
[  200159ms] [LOG] [Fast Refresh] done in 379ms @ http://localhost:3000/_next/static/chunks/node_modules_next_dist_1e8vcs8._.js:776
[  200221ms] [LOG] [Fast Refresh] done in 379ms @ http://localhost:3000/_next/static/chunks/node_modules_next_dist_1e8vcs8._.js:776
[  200282ms] [LOG] [Fast Refresh] done in 379ms @ http://localhost:3000/_next/static/chunks/node_modules_next_dist_1e8vcs8._.js:776
[  200344ms] [LOG] [Fast Refresh] done in 379ms @ http://localhost:3000/_next/static/chunks/node_modules_next_dist_1e8vcs8._.js:776
[  200407ms] [LOG] [Fast Refresh] done in 379ms @ http://localhost:3000/_next/static/chunks/node_modules_next_dist_1e8vcs8._.js:776
[  200472ms] [LOG] [Fast Refresh] done in 379ms @ http://localhost:3000/_next/static/chunks/node_modules_next_dist_1e8vcs8._.js:776
[  200534ms] [LOG] [Fast Refresh] done in 379ms @ http://localhost:3000/_next/static/chunks/node_modules_next_dist_1e8vcs8._.js:776
[  200598ms] [LOG] [Fast Refresh] done in 379ms @ http://localhost:3000/_next/static/chunks/node_modules_next_dist_1e8vcs8._.js:776
[  200660ms] [LOG] [Fast Refresh] done in 379ms @ http://localhost:3000/_next/static/chunks/node_modules_next_dist_1e8vcs8._.js:776
[  200723ms] [LOG] [Fast Refresh] done in 379ms @ http://localhost:3000/_next/static/chunks/node_modules_next_dist_1e8vcs8._.js:776
[  200785ms] [LOG] [Fast Refresh] done in 379ms @ http://localhost:3000/_next/static/chunks/node_modules_next_dist_1e8vcs8._.js:776
[  200833ms] [LOG] [Fast Refresh] done in 379ms @ http://localhost:3000/_next/static/chunks/node_modules_next_dist_1e8vcs8._.js:776
[  200897ms] [LOG] [Fast Refresh] done in 379ms @ http://localhost:3000/_next/static/chunks/node_modules_next_dist_1e8vcs8._.js:776
[  200959ms] [LOG] [Fast Refresh] done in 379ms @ http://localhost:3000/_next/static/chunks/node_modules_next_dist_1e8vcs8._.js:776
[  201022ms] [LOG] [Fast Refresh] done in 379ms @ http://localhost:3000/_next/static/chunks/node_modules_next_dist_1e8vcs8._.js:776
[  201084ms] [LOG] [Fast Refresh] done in 379ms @ http://localhost:3000/_next/static/chunks/node_modules_next_dist_1e8vcs8._.js:776
[  201145ms] [LOG] [Fast Refresh] done in 379ms @ http://localhost:3000/_next/static/chunks/node_modules_next_dist_1e8vcs8._.js:776
[  201209ms] [LOG] [Fast Refresh] done in 379ms @ http://localhost:3000/_next/static/chunks/node_modules_next_dist_1e8vcs8._.js:776
[  201272ms] [LOG] [Fast Refresh] done in 379ms @ http://localhost:3000/_next/static/chunks/node_modules_next_dist_1e8vcs8._.js:776
[  201333ms] [LOG] [Fast Refresh] done in 379ms @ http://localhost:3000/_next/static/chunks/node_modules_next_dist_1e8vcs8._.js:776
[  201396ms] [LOG] [Fast Refresh] done in 379ms @ http://localhost:3000/_next/static/chunks/node_modules_next_dist_1e8vcs8._.js:776
[  201457ms] [LOG] [Fast Refresh] done in 379ms @ http://localhost:3000/_next/static/chunks/node_modules_next_dist_1e8vcs8._.js:776
[  201519ms] [LOG] [Fast Refresh] done in 379ms @ http://localhost:3000/_next/static/chunks/node_modules_next_dist_1e8vcs8._.js:776
[  201582ms] [LOG] [Fast Refresh] done in 379ms @ http://localhost:3000/_next/static/chunks/node_modules_next_dist_1e8vcs8._.js:776
[  201643ms] [LOG] [Fast Refresh] done in 379ms @ http://localhost:3000/_next/static/chunks/node_modules_next_dist_1e8vcs8._.js:776
[  201706ms] [LOG] [Fast Refresh] done in 379ms @ http://localhost:3000/_next/static/chunks/node_modules_next_dist_1e8vcs8._.js:776
[  201769ms] [LOG] [Fast Refresh] done in 379ms @ http://localhost:3000/_next/static/chunks/node_modules_next_dist_1e8vcs8._.js:776
[  201830ms] [LOG] [Fast Refresh] done in 379ms @ http://localhost:3000/_next/static/chunks/node_modules_next_dist_1e8vcs8._.js:776
[  201894ms] [LOG] [Fast Refresh] done in 379ms @ http://localhost:3000/_next/static/chunks/node_modules_next_dist_1e8vcs8._.js:776
[  201957ms] [LOG] [Fast Refresh] done in 379ms @ http://localhost:3000/_next/static/chunks/node_modules_next_dist_1e8vcs8._.js:776
[  202018ms] [LOG] [Fast Refresh] done in 379ms @ http://localhost:3000/_next/static/chunks/node_modules_next_dist_1e8vcs8._.js:776
[  202080ms] [LOG] [Fast Refresh] done in 379ms @ http://localhost:3000/_next/static/chunks/node_modules_next_dist_1e8vcs8._.js:776
[  202143ms] [LOG] [Fast Refresh] done in 379ms @ http://localhost:3000/_next/static/chunks/node_modules_next_dist_1e8vcs8._.js:776
[  202205ms] [LOG] [Fast Refresh] done in 379ms @ http://localhost:3000/_next/static/chunks/node_modules_next_dist_1e8vcs8._.js:776
[  202268ms] [LOG] [Fast Refresh] done in 379ms @ http://localhost:3000/_next/static/chunks/node_modules_next_dist_1e8vcs8._.js:776
[  202331ms] [LOG] [Fast Refresh] done in 379ms @ http://localhost:3000/_next/static/chunks/node_modules_next_dist_1e8vcs8._.js:776
[  202393ms] [LOG] [Fast Refresh] done in 379ms @ http://localhost:3000/_next/static/chunks/node_modules_next_dist_1e8vcs8._.js:776
[  202455ms] [LOG] [Fast Refresh] done in 379ms @ http://localhost:3000/_next/static/chunks/node_modules_next_dist_1e8vcs8._.js:776
[  202516ms] [LOG] [Fast Refresh] done in 379ms @ http://localhost:3000/_next/static/chunks/node_modules_next_dist_1e8vcs8._.js:776
[  202578ms] [LOG] [Fast Refresh] done in 379ms @ http://localhost:3000/_next/static/chunks/node_modules_next_dist_1e8vcs8._.js:776
[  202640ms] [LOG] [Fast Refresh] done in 379ms @ http://localhost:3000/_next/static/chunks/node_modules_next_dist_1e8vcs8._.js:776
[  202702ms] [LOG] [Fast Refresh] done in 379ms @ http://localhost:3000/_next/static/chunks/node_modules_next_dist_1e8vcs8._.js:776
[  202765ms] [LOG] [Fast Refresh] done in 379ms @ http://localhost:3000/_next/static/chunks/node_modules_next_dist_1e8vcs8._.js:776
[  202826ms] [LOG] [Fast Refresh] done in 379ms @ http://localhost:3000/_next/static/chunks/node_modules_next_dist_1e8vcs8._.js:776
[  202888ms] [LOG] [Fast Refresh] done in 379ms @ http://localhost:3000/_next/static/chunks/node_modules_next_dist_1e8vcs8._.js:776
[  202948ms] [LOG] [Fast Refresh] done in 379ms @ http://localhost:3000/_next/static/chunks/node_modules_next_dist_1e8vcs8._.js:776
[  203010ms] [LOG] [Fast Refresh] done in 379ms @ http://localhost:3000/_next/static/chunks/node_modules_next_dist_1e8vcs8._.js:776
[  203072ms] [LOG] [Fast Refresh] done in 379ms @ http://localhost:3000/_next/static/chunks/node_modules_next_dist_1e8vcs8._.js:776
[  203134ms] [LOG] [Fast Refresh] done in 379ms @ http://localhost:3000/_next/static/chunks/node_modules_next_dist_1e8vcs8._.js:776
[  203197ms] [LOG] [Fast Refresh] done in 379ms @ http://localhost:3000/_next/static/chunks/node_modules_next_dist_1e8vcs8._.js:776
[  203260ms] [LOG] [Fast Refresh] done in 379ms @ http://localhost:3000/_next/static/chunks/node_modules_next_dist_1e8vcs8._.js:776
[  203323ms] [LOG] [Fast Refresh] done in 379ms @ http://localhost:3000/_next/static/chunks/node_modules_next_dist_1e8vcs8._.js:776
[  203387ms] [LOG] [Fast Refresh] done in 379ms @ http://localhost:3000/_next/static/chunks/node_modules_next_dist_1e8vcs8._.js:776
[  203449ms] [LOG] [Fast Refresh] done in 379ms @ http://localhost:3000/_next/static/chunks/node_modules_next_dist_1e8vcs8._.js:776
[  203513ms] [LOG] [Fast Refresh] done in 379ms @ http://localhost:3000/_next/static/chunks/node_modules_next_dist_1e8vcs8._.js:776
[  203574ms] [LOG] [Fast Refresh] done in 379ms @ http://localhost:3000/_next/static/chunks/node_modules_next_dist_1e8vcs8._.js:776
[  203636ms] [LOG] [Fast Refresh] done in 379ms @ http://localhost:3000/_next/static/chunks/node_modules_next_dist_1e8vcs8._.js:776
[  203699ms] [LOG] [Fast Refresh] done in 379ms @ http://localhost:3000/_next/static/chunks/node_modules_next_dist_1e8vcs8._.js:776
[  203761ms] [LOG] [Fast Refresh] done in 379ms @ http://localhost:3000/_next/static/chunks/node_modules_next_dist_1e8vcs8._.js:776
[  203824ms] [LOG] [Fast Refresh] done in 379ms @ http://localhost:3000/_next/static/chunks/node_modules_next_dist_1e8vcs8._.js:776
[  203887ms] [LOG] [Fast Refresh] done in 379ms @ http://localhost:3000/_next/static/chunks/node_modules_next_dist_1e8vcs8._.js:776
[  203948ms] [LOG] [Fast Refresh] done in 379ms @ http://localhost:3000/_next/static/chunks/node_modules_next_dist_1e8vcs8._.js:776
[  204009ms] [LOG] [Fast Refresh] done in 379ms @ http://localhost:3000/_next/static/chunks/node_modules_next_dist_1e8vcs8._.js:776
[  204071ms] [LOG] [Fast Refresh] done in 379ms @ http://localhost:3000/_next/static/chunks/node_modules_next_dist_1e8vcs8._.js:776
[  204133ms] [LOG] [Fast Refresh] done in 379ms @ http://localhost:3000/_next/static/chunks/node_modules_next_dist_1e8vcs8._.js:776
[  204197ms] [LOG] [Fast Refresh] done in 379ms @ http://localhost:3000/_next/static/chunks/node_modules_next_dist_1e8vcs8._.js:776
[  204261ms] [LOG] [Fast Refresh] done in 379ms @ http://localhost:3000/_next/static/chunks/node_modules_next_dist_1e8vcs8._.js:776
[  204322ms] [LOG] [Fast Refresh] done in 379ms @ http://localhost:3000/_next/static/chunks/node_modules_next_dist_1e8vcs8._.js:776
[  204387ms] [LOG] [Fast Refresh] done in 379ms @ http://localhost:3000/_next/static/chunks/node_modules_next_dist_1e8vcs8._.js:776
[  204449ms] [LOG] [Fast Refresh] done in 379ms @ http://localhost:3000/_next/static/chunks/node_modules_next_dist_1e8vcs8._.js:776
[  204510ms] [LOG] [Fast Refresh] done in 379ms @ http://localhost:3000/_next/static/chunks/node_modules_next_dist_1e8vcs8._.js:776
[  204573ms] [LOG] [Fast Refresh] done in 379ms @ http://localhost:3000/_next/static/chunks/node_modules_next_dist_1e8vcs8._.js:776
[  204664ms] [LOG] [Fast Refresh] done in 379ms @ http://localhost:3000/_next/static/chunks/node_modules_next_dist_1e8vcs8._.js:776
[  204731ms] [LOG] [Fast Refresh] done in 379ms @ http://localhost:3000/_next/static/chunks/node_modules_next_dist_1e8vcs8._.js:776
[  204795ms] [LOG] [Fast Refresh] done in 379ms @ http://localhost:3000/_next/static/chunks/node_modules_next_dist_1e8vcs8._.js:776
[  204857ms] [LOG] [Fast Refresh] done in 379ms @ http://localhost:3000/_next/static/chunks/node_modules_next_dist_1e8vcs8._.js:776
[  204917ms] [LOG] [Fast Refresh] done in 379ms @ http://localhost:3000/_next/static/chunks/node_modules_next_dist_1e8vcs8._.js:776
[  204966ms] [LOG] [Fast Refresh] done in 379ms @ http://localhost:3000/_next/static/chunks/node_modules_next_dist_1e8vcs8._.js:776
[  205028ms] [LOG] [Fast Refresh] done in 379ms @ http://localhost:3000/_next/static/chunks/node_modules_next_dist_1e8vcs8._.js:776
[  205092ms] [LOG] [Fast Refresh] done in 379ms @ http://localhost:3000/_next/static/chunks/node_modules_next_dist_1e8vcs8._.js:776
[  205154ms] [LOG] [Fast Refresh] done in 379ms @ http://localhost:3000/_next/static/chunks/node_modules_next_dist_1e8vcs8._.js:776
[  205216ms] [LOG] [Fast Refresh] done in 379ms @ http://localhost:3000/_next/static/chunks/node_modules_next_dist_1e8vcs8._.js:776
[  205279ms] [LOG] [Fast Refresh] done in 379ms @ http://localhost:3000/_next/static/chunks/node_modules_next_dist_1e8vcs8._.js:776
[  205342ms] [LOG] [Fast Refresh] done in 379ms @ http://localhost:3000/_next/static/chunks/node_modules_next_dist_1e8vcs8._.js:776
[  205404ms] [LOG] [Fast Refresh] done in 379ms @ http://localhost:3000/_next/static/chunks/node_modules_next_dist_1e8vcs8._.js:776
[  205466ms] [LOG] [Fast Refresh] done in 379ms @ http://localhost:3000/_next/static/chunks/node_modules_next_dist_1e8vcs8._.js:776
[  205529ms] [LOG] [Fast Refresh] done in 379ms @ http://localhost:3000/_next/static/chunks/node_modules_next_dist_1e8vcs8._.js:776
[  205590ms] [LOG] [Fast Refresh] done in 379ms @ http://localhost:3000/_next/static/chunks/node_modules_next_dist_1e8vcs8._.js:776
[  205654ms] [LOG] [Fast Refresh] done in 379ms @ http://localhost:3000/_next/static/chunks/node_modules_next_dist_1e8vcs8._.js:776
[  205716ms] [LOG] [Fast Refresh] done in 379ms @ http://localhost:3000/_next/static/chunks/node_modules_next_dist_1e8vcs8._.js:776
[  205778ms] [LOG] [Fast Refresh] done in 379ms @ http://localhost:3000/_next/static/chunks/node_modules_next_dist_1e8vcs8._.js:776
[  205839ms] [LOG] [Fast Refresh] done in 379ms @ http://localhost:3000/_next/static/chunks/node_modules_next_dist_1e8vcs8._.js:776
[  205901ms] [LOG] [Fast Refresh] done in 379ms @ http://localhost:3000/_next/static/chunks/node_modules_next_dist_1e8vcs8._.js:776
[  205963ms] [LOG] [Fast Refresh] done in 379ms @ http://localhost:3000/_next/static/chunks/node_modules_next_dist_1e8vcs8._.js:776
[  206025ms] [LOG] [Fast Refresh] done in 379ms @ http://localhost:3000/_next/static/chunks/node_modules_next_dist_1e8vcs8._.js:776
[  206088ms] [LOG] [Fast Refresh] done in 379ms @ http://localhost:3000/_next/static/chunks/node_modules_next_dist_1e8vcs8._.js:776
[  206151ms] [LOG] [Fast Refresh] done in 379ms @ http://localhost:3000/_next/static/chunks/node_modules_next_dist_1e8vcs8._.js:776
[  206212ms] [LOG] [Fast Refresh] done in 379ms @ http://localhost:3000/_next/static/chunks/node_modules_next_dist_1e8vcs8._.js:776
[  206274ms] [LOG] [Fast Refresh] done in 379ms @ http://localhost:3000/_next/static/chunks/node_modules_next_dist_1e8vcs8._.js:776
[  206337ms] [LOG] [Fast Refresh] done in 379ms @ http://localhost:3000/_next/static/chunks/node_modules_next_dist_1e8vcs8._.js:776
[  206400ms] [LOG] [Fast Refresh] done in 379ms @ http://localhost:3000/_next/static/chunks/node_modules_next_dist_1e8vcs8._.js:776
[  206463ms] [LOG] [Fast Refresh] done in 379ms @ http://localhost:3000/_next/static/chunks/node_modules_next_dist_1e8vcs8._.js:776
[  206524ms] [LOG] [Fast Refresh] done in 379ms @ http://localhost:3000/_next/static/chunks/node_modules_next_dist_1e8vcs8._.js:776
[  206587ms] [LOG] [Fast Refresh] done in 379ms @ http://localhost:3000/_next/static/chunks/node_modules_next_dist_1e8vcs8._.js:776
[  206648ms] [LOG] [Fast Refresh] done in 379ms @ http://localhost:3000/_next/static/chunks/node_modules_next_dist_1e8vcs8._.js:776
[  206709ms] [LOG] [Fast Refresh] done in 379ms @ http://localhost:3000/_next/static/chunks/node_modules_next_dist_1e8vcs8._.js:776
[  206771ms] [LOG] [Fast Refresh] done in 379ms @ http://localhost:3000/_next/static/chunks/node_modules_next_dist_1e8vcs8._.js:776
[  206833ms] [LOG] [Fast Refresh] done in 379ms @ http://localhost:3000/_next/static/chunks/node_modules_next_dist_1e8vcs8._.js:776
[  206896ms] [LOG] [Fast Refresh] done in 379ms @ http://localhost:3000/_next/static/chunks/node_modules_next_dist_1e8vcs8._.js:776
[  206959ms] [LOG] [Fast Refresh] done in 379ms @ http://localhost:3000/_next/static/chunks/node_modules_next_dist_1e8vcs8._.js:776
[  207020ms] [LOG] [Fast Refresh] done in 379ms @ http://localhost:3000/_next/static/chunks/node_modules_next_dist_1e8vcs8._.js:776
[  207081ms] [LOG] [Fast Refresh] done in 379ms @ http://localhost:3000/_next/static/chunks/node_modules_next_dist_1e8vcs8._.js:776
[  207144ms] [LOG] [Fast Refresh] done in 379ms @ http://localhost:3000/_next/static/chunks/node_modules_next_dist_1e8vcs8._.js:776
[  207206ms] [LOG] [Fast Refresh] done in 379ms @ http://localhost:3000/_next/static/chunks/node_modules_next_dist_1e8vcs8._.js:776
[  207265ms] [LOG] [Fast Refresh] done in 379ms @ http://localhost:3000/_next/static/chunks/node_modules_next_dist_1e8vcs8._.js:776
[  207330ms] [LOG] [Fast Refresh] done in 379ms @ http://localhost:3000/_next/static/chunks/node_modules_next_dist_1e8vcs8._.js:776
[  207392ms] [LOG] [Fast Refresh] done in 379ms @ http://localhost:3000/_next/static/chunks/node_modules_next_dist_1e8vcs8._.js:776
[  207454ms] [LOG] [Fast Refresh] done in 379ms @ http://localhost:3000/_next/static/chunks/node_modules_next_dist_1e8vcs8._.js:776
[  207517ms] [LOG] [Fast Refresh] done in 379ms @ http://localhost:3000/_next/static/chunks/node_modules_next_dist_1e8vcs8._.js:776
[  207580ms] [LOG] [Fast Refresh] done in 379ms @ http://localhost:3000/_next/static/chunks/node_modules_next_dist_1e8vcs8._.js:776
[  207642ms] [LOG] [Fast Refresh] done in 379ms @ http://localhost:3000/_next/static/chunks/node_modules_next_dist_1e8vcs8._.js:776
[  207706ms] [LOG] [Fast Refresh] done in 379ms @ http://localhost:3000/_next/static/chunks/node_modules_next_dist_1e8vcs8._.js:776
[  207768ms] [LOG] [Fast Refresh] done in 379ms @ http://localhost:3000/_next/static/chunks/node_modules_next_dist_1e8vcs8._.js:776
[  207831ms] [LOG] [Fast Refresh] done in 379ms @ http://localhost:3000/_next/static/chunks/node_modules_next_dist_1e8vcs8._.js:776
[  207911ms] [LOG] [Fast Refresh] done in 379ms @ http://localhost:3000/_next/static/chunks/node_modules_next_dist_1e8vcs8._.js:776
[  207972ms] [LOG] [Fast Refresh] done in 379ms @ http://localhost:3000/_next/static/chunks/node_modules_next_dist_1e8vcs8._.js:776
[  208033ms] [LOG] [Fast Refresh] done in 379ms @ http://localhost:3000/_next/static/chunks/node_modules_next_dist_1e8vcs8._.js:776
[  208096ms] [LOG] [Fast Refresh] done in 379ms @ http://localhost:3000/_next/static/chunks/node_modules_next_dist_1e8vcs8._.js:776
[  208157ms] [LOG] [Fast Refresh] done in 379ms @ http://localhost:3000/_next/static/chunks/node_modules_next_dist_1e8vcs8._.js:776
[  208219ms] [LOG] [Fast Refresh] done in 379ms @ http://localhost:3000/_next/static/chunks/node_modules_next_dist_1e8vcs8._.js:776
[  208285ms] [LOG] [Fast Refresh] done in 379ms @ http://localhost:3000/_next/static/chunks/node_modules_next_dist_1e8vcs8._.js:776
[  208343ms] [LOG] [Fast Refresh] done in 379ms @ http://localhost:3000/_next/static/chunks/node_modules_next_dist_1e8vcs8._.js:776
[  208406ms] [LOG] [Fast Refresh] done in 379ms @ http://localhost:3000/_next/static/chunks/node_modules_next_dist_1e8vcs8._.js:776
[  208469ms] [LOG] [Fast Refresh] done in 379ms @ http://localhost:3000/_next/static/chunks/node_modules_next_dist_1e8vcs8._.js:776
[  208531ms] [LOG] [Fast Refresh] done in 379ms @ http://localhost:3000/_next/static/chunks/node_modules_next_dist_1e8vcs8._.js:776
[  208593ms] [LOG] [Fast Refresh] done in 379ms @ http://localhost:3000/_next/static/chunks/node_modules_next_dist_1e8vcs8._.js:776
[  208655ms] [LOG] [Fast Refresh] done in 379ms @ http://localhost:3000/_next/static/chunks/node_modules_next_dist_1e8vcs8._.js:776
[  208716ms] [LOG] [Fast Refresh] done in 379ms @ http://localhost:3000/_next/static/chunks/node_modules_next_dist_1e8vcs8._.js:776
[  208779ms] [LOG] [Fast Refresh] done in 379ms @ http://localhost:3000/_next/static/chunks/node_modules_next_dist_1e8vcs8._.js:776
[  208843ms] [LOG] [Fast Refresh] done in 379ms @ http://localhost:3000/_next/static/chunks/node_modules_next_dist_1e8vcs8._.js:776
[  208906ms] [LOG] [Fast Refresh] done in 379ms @ http://localhost:3000/_next/static/chunks/node_modules_next_dist_1e8vcs8._.js:776
[  208967ms] [LOG] [Fast Refresh] done in 379ms @ http://localhost:3000/_next/static/chunks/node_modules_next_dist_1e8vcs8._.js:776
[  209029ms] [LOG] [Fast Refresh] done in 379ms @ http://localhost:3000/_next/static/chunks/node_modules_next_dist_1e8vcs8._.js:776
[  209091ms] [LOG] [Fast Refresh] done in 379ms @ http://localhost:3000/_next/static/chunks/node_modules_next_dist_1e8vcs8._.js:776
[  209152ms] [LOG] [Fast Refresh] done in 379ms @ http://localhost:3000/_next/static/chunks/node_modules_next_dist_1e8vcs8._.js:776
[  209214ms] [LOG] [Fast Refresh] done in 379ms @ http://localhost:3000/_next/static/chunks/node_modules_next_dist_1e8vcs8._.js:776
[  209278ms] [LOG] [Fast Refresh] done in 379ms @ http://localhost:3000/_next/static/chunks/node_modules_next_dist_1e8vcs8._.js:776
[  209340ms] [LOG] [Fast Refresh] done in 379ms @ http://localhost:3000/_next/static/chunks/node_modules_next_dist_1e8vcs8._.js:776
[  209400ms] [LOG] [Fast Refresh] done in 379ms @ http://localhost:3000/_next/static/chunks/node_modules_next_dist_1e8vcs8._.js:776
[  209448ms] [LOG] [Fast Refresh] done in 379ms @ http://localhost:3000/_next/static/chunks/node_modules_next_dist_1e8vcs8._.js:776
[  209512ms] [LOG] [Fast Refresh] done in 379ms @ http://localhost:3000/_next/static/chunks/node_modules_next_dist_1e8vcs8._.js:776
[  209573ms] [LOG] [Fast Refresh] done in 379ms @ http://localhost:3000/_next/static/chunks/node_modules_next_dist_1e8vcs8._.js:776
[  209634ms] [LOG] [Fast Refresh] done in 379ms @ http://localhost:3000/_next/static/chunks/node_modules_next_dist_1e8vcs8._.js:776
[  209697ms] [LOG] [Fast Refresh] done in 379ms @ http://localhost:3000/_next/static/chunks/node_modules_next_dist_1e8vcs8._.js:776
[  209763ms] [LOG] [Fast Refresh] done in 379ms @ http://localhost:3000/_next/static/chunks/node_modules_next_dist_1e8vcs8._.js:776
[  209822ms] [LOG] [Fast Refresh] done in 379ms @ http://localhost:3000/_next/static/chunks/node_modules_next_dist_1e8vcs8._.js:776
[  209884ms] [LOG] [Fast Refresh] done in 379ms @ http://localhost:3000/_next/static/chunks/node_modules_next_dist_1e8vcs8._.js:776
[  209949ms] [LOG] [Fast Refresh] done in 379ms @ http://localhost:3000/_next/static/chunks/node_modules_next_dist_1e8vcs8._.js:776
[  210008ms] [LOG] [Fast Refresh] done in 379ms @ http://localhost:3000/_next/static/chunks/node_modules_next_dist_1e8vcs8._.js:776
[  210070ms] [LOG] [Fast Refresh] done in 379ms @ http://localhost:3000/_next/static/chunks/node_modules_next_dist_1e8vcs8._.js:776
[  210132ms] [LOG] [Fast Refresh] done in 379ms @ http://localhost:3000/_next/static/chunks/node_modules_next_dist_1e8vcs8._.js:776
[  210195ms] [LOG] [Fast Refresh] done in 379ms @ http://localhost:3000/_next/static/chunks/node_modules_next_dist_1e8vcs8._.js:776
[  210258ms] [LOG] [Fast Refresh] done in 379ms @ http://localhost:3000/_next/static/chunks/node_modules_next_dist_1e8vcs8._.js:776
[  210321ms] [LOG] [Fast Refresh] done in 379ms @ http://localhost:3000/_next/static/chunks/node_modules_next_dist_1e8vcs8._.js:776
[  210374ms] [LOG] [Fast Refresh] done in 379ms @ http://localhost:3000/_next/static/chunks/node_modules_next_dist_1e8vcs8._.js:776
[  210430ms] [LOG] [Fast Refresh] done in 379ms @ http://localhost:3000/_next/static/chunks/node_modules_next_dist_1e8vcs8._.js:776
[  210493ms] [LOG] [Fast Refresh] done in 379ms @ http://localhost:3000/_next/static/chunks/node_modules_next_dist_1e8vcs8._.js:776
[  210554ms] [LOG] [Fast Refresh] done in 379ms @ http://localhost:3000/_next/static/chunks/node_modules_next_dist_1e8vcs8._.js:776
[  210616ms] [LOG] [Fast Refresh] done in 379ms @ http://localhost:3000/_next/static/chunks/node_modules_next_dist_1e8vcs8._.js:776
[  210678ms] [LOG] [Fast Refresh] done in 379ms @ http://localhost:3000/_next/static/chunks/node_modules_next_dist_1e8vcs8._.js:776
[  210741ms] [LOG] [Fast Refresh] done in 379ms @ http://localhost:3000/_next/static/chunks/node_modules_next_dist_1e8vcs8._.js:776
[  210804ms] [LOG] [Fast Refresh] done in 379ms @ http://localhost:3000/_next/static/chunks/node_modules_next_dist_1e8vcs8._.js:776
[  210864ms] [LOG] [Fast Refresh] done in 379ms @ http://localhost:3000/_next/static/chunks/node_modules_next_dist_1e8vcs8._.js:776
[  210926ms] [LOG] [Fast Refresh] done in 379ms @ http://localhost:3000/_next/static/chunks/node_modules_next_dist_1e8vcs8._.js:776
[  210989ms] [LOG] [Fast Refresh] done in 379ms @ http://localhost:3000/_next/static/chunks/node_modules_next_dist_1e8vcs8._.js:776
[  211052ms] [LOG] [Fast Refresh] done in 379ms @ http://localhost:3000/_next/static/chunks/node_modules_next_dist_1e8vcs8._.js:776
[  211114ms] [LOG] [Fast Refresh] done in 379ms @ http://localhost:3000/_next/static/chunks/node_modules_next_dist_1e8vcs8._.js:776
[  211177ms] [LOG] [Fast Refresh] done in 379ms @ http://localhost:3000/_next/static/chunks/node_modules_next_dist_1e8vcs8._.js:776
[  211242ms] [LOG] [Fast Refresh] done in 379ms @ http://localhost:3000/_next/static/chunks/node_modules_next_dist_1e8vcs8._.js:776
[  211303ms] [LOG] [Fast Refresh] done in 379ms @ http://localhost:3000/_next/static/chunks/node_modules_next_dist_1e8vcs8._.js:776
[  211364ms] [LOG] [Fast Refresh] done in 379ms @ http://localhost:3000/_next/static/chunks/node_modules_next_dist_1e8vcs8._.js:776
[  211428ms] [LOG] [Fast Refresh] done in 379ms @ http://localhost:3000/_next/static/chunks/node_modules_next_dist_1e8vcs8._.js:776
[  211489ms] [LOG] [Fast Refresh] done in 379ms @ http://localhost:3000/_next/static/chunks/node_modules_next_dist_1e8vcs8._.js:776
[  211551ms] [LOG] [Fast Refresh] done in 379ms @ http://localhost:3000/_next/static/chunks/node_modules_next_dist_1e8vcs8._.js:776
[  211614ms] [LOG] [Fast Refresh] done in 379ms @ http://localhost:3000/_next/static/chunks/node_modules_next_dist_1e8vcs8._.js:776
[  211677ms] [LOG] [Fast Refresh] done in 379ms @ http://localhost:3000/_next/static/chunks/node_modules_next_dist_1e8vcs8._.js:776
[  211740ms] [LOG] [Fast Refresh] done in 379ms @ http://localhost:3000/_next/static/chunks/node_modules_next_dist_1e8vcs8._.js:776
[  211805ms] [LOG] [Fast Refresh] done in 379ms @ http://localhost:3000/_next/static/chunks/node_modules_next_dist_1e8vcs8._.js:776
[  211864ms] [LOG] [Fast Refresh] done in 379ms @ http://localhost:3000/_next/static/chunks/node_modules_next_dist_1e8vcs8._.js:776
[  211927ms] [LOG] [Fast Refresh] done in 379ms @ http://localhost:3000/_next/static/chunks/node_modules_next_dist_1e8vcs8._.js:776
[  211990ms] [LOG] [Fast Refresh] done in 379ms @ http://localhost:3000/_next/static/chunks/node_modules_next_dist_1e8vcs8._.js:776
[  212052ms] [LOG] [Fast Refresh] done in 379ms @ http://localhost:3000/_next/static/chunks/node_modules_next_dist_1e8vcs8._.js:776
[  212114ms] [LOG] [Fast Refresh] done in 379ms @ http://localhost:3000/_next/static/chunks/node_modules_next_dist_1e8vcs8._.js:776
[  212177ms] [LOG] [Fast Refresh] done in 379ms @ http://localhost:3000/_next/static/chunks/node_modules_next_dist_1e8vcs8._.js:776
[  212239ms] [LOG] [Fast Refresh] done in 379ms @ http://localhost:3000/_next/static/chunks/node_modules_next_dist_1e8vcs8._.js:776
[  212301ms] [LOG] [Fast Refresh] done in 379ms @ http://localhost:3000/_next/static/chunks/node_modules_next_dist_1e8vcs8._.js:776
[  212362ms] [LOG] [Fast Refresh] done in 379ms @ http://localhost:3000/_next/static/chunks/node_modules_next_dist_1e8vcs8._.js:776
[  212424ms] [LOG] [Fast Refresh] done in 379ms @ http://localhost:3000/_next/static/chunks/node_modules_next_dist_1e8vcs8._.js:776
[  212488ms] [LOG] [Fast Refresh] done in 379ms @ http://localhost:3000/_next/static/chunks/node_modules_next_dist_1e8vcs8._.js:776
[  212550ms] [LOG] [Fast Refresh] done in 379ms @ http://localhost:3000/_next/static/chunks/node_modules_next_dist_1e8vcs8._.js:776
[  212613ms] [LOG] [Fast Refresh] done in 379ms @ http://localhost:3000/_next/static/chunks/node_modules_next_dist_1e8vcs8._.js:776
[  212676ms] [LOG] [Fast Refresh] done in 379ms @ http://localhost:3000/_next/static/chunks/node_modules_next_dist_1e8vcs8._.js:776
[  212739ms] [LOG] [Fast Refresh] done in 379ms @ http://localhost:3000/_next/static/chunks/node_modules_next_dist_1e8vcs8._.js:776
[  212801ms] [LOG] [Fast Refresh] done in 379ms @ http://localhost:3000/_next/static/chunks/node_modules_next_dist_1e8vcs8._.js:776
[  212864ms] [LOG] [Fast Refresh] done in 379ms @ http://localhost:3000/_next/static/chunks/node_modules_next_dist_1e8vcs8._.js:776
[  212926ms] [LOG] [Fast Refresh] done in 379ms @ http://localhost:3000/_next/static/chunks/node_modules_next_dist_1e8vcs8._.js:776
[  212988ms] [LOG] [Fast Refresh] done in 379ms @ http://localhost:3000/_next/static/chunks/node_modules_next_dist_1e8vcs8._.js:776
[  213049ms] [LOG] [Fast Refresh] done in 379ms @ http://localhost:3000/_next/static/chunks/node_modules_next_dist_1e8vcs8._.js:776
[  213110ms] [LOG] [Fast Refresh] done in 379ms @ http://localhost:3000/_next/static/chunks/node_modules_next_dist_1e8vcs8._.js:776
[  213173ms] [LOG] [Fast Refresh] done in 379ms @ http://localhost:3000/_next/static/chunks/node_modules_next_dist_1e8vcs8._.js:776
[  213235ms] [LOG] [Fast Refresh] done in 379ms @ http://localhost:3000/_next/static/chunks/node_modules_next_dist_1e8vcs8._.js:776
[  213298ms] [LOG] [Fast Refresh] done in 379ms @ http://localhost:3000/_next/static/chunks/node_modules_next_dist_1e8vcs8._.js:776
[  213360ms] [LOG] [Fast Refresh] done in 379ms @ http://localhost:3000/_next/static/chunks/node_modules_next_dist_1e8vcs8._.js:776
[  213422ms] [LOG] [Fast Refresh] done in 379ms @ http://localhost:3000/_next/static/chunks/node_modules_next_dist_1e8vcs8._.js:776
[  213484ms] [LOG] [Fast Refresh] done in 379ms @ http://localhost:3000/_next/static/chunks/node_modules_next_dist_1e8vcs8._.js:776
[  213546ms] [LOG] [Fast Refresh] done in 379ms @ http://localhost:3000/_next/static/chunks/node_modules_next_dist_1e8vcs8._.js:776
[  213609ms] [LOG] [Fast Refresh] done in 379ms @ http://localhost:3000/_next/static/chunks/node_modules_next_dist_1e8vcs8._.js:776
[  213671ms] [LOG] [Fast Refresh] done in 379ms @ http://localhost:3000/_next/static/chunks/node_modules_next_dist_1e8vcs8._.js:776
[  213733ms] [LOG] [Fast Refresh] done in 379ms @ http://localhost:3000/_next/static/chunks/node_modules_next_dist_1e8vcs8._.js:776
[  213795ms] [LOG] [Fast Refresh] done in 379ms @ http://localhost:3000/_next/static/chunks/node_modules_next_dist_1e8vcs8._.js:776
[  213857ms] [LOG] [Fast Refresh] done in 379ms @ http://localhost:3000/_next/static/chunks/node_modules_next_dist_1e8vcs8._.js:776
[  213919ms] [LOG] [Fast Refresh] done in 379ms @ http://localhost:3000/_next/static/chunks/node_modules_next_dist_1e8vcs8._.js:776
[  213982ms] [LOG] [Fast Refresh] done in 379ms @ http://localhost:3000/_next/static/chunks/node_modules_next_dist_1e8vcs8._.js:776
[  214099ms] [LOG] [Fast Refresh] done in 379ms @ http://localhost:3000/_next/static/chunks/node_modules_next_dist_1e8vcs8._.js:776
[  214154ms] [LOG] [Fast Refresh] done in 379ms @ http://localhost:3000/_next/static/chunks/node_modules_next_dist_1e8vcs8._.js:776
[  214256ms] [LOG] [Fast Refresh] done in 379ms @ http://localhost:3000/_next/static/chunks/node_modules_next_dist_1e8vcs8._.js:776
[  281131ms] [LOG] [Fast Refresh] rebuilding @ http://localhost:3000/_next/static/chunks/node_modules_next_dist_1e8vcs8._.js:776
[  283458ms] [WARNING] If you do not provide a visible label, you must specify an aria-label or aria-labelledby attribute for accessibility @ http://localhost:3000/_next/static/chunks/node_modules_next_dist_1e8vcs8._.js:776
[  283489ms] [WARNING] If you do not provide a visible label, you must specify an aria-label or aria-labelledby attribute for accessibility @ http://localhost:3000/_next/static/chunks/node_modules_next_dist_1e8vcs8._.js:776
[  283581ms] [WARNING] If you do not provide a visible label, you must specify an aria-label or aria-labelledby attribute for accessibility @ http://localhost:3000/_next/static/chunks/node_modules_next_dist_1e8vcs8._.js:776
[  283582ms] [WARNING] If you do not provide a visible label, you must specify an aria-label or aria-labelledby attribute for accessibility @ http://localhost:3000/_next/static/chunks/node_modules_next_dist_1e8vcs8._.js:776
[  283609ms] [LOG] [Fast Refresh] done in 2382ms @ http://localhost:3000/_next/static/chunks/node_modules_next_dist_1e8vcs8._.js:776
[  283890ms] [WARNING] If you do not provide a visible label, you must specify an aria-label or aria-labelledby attribute for accessibility @ http://localhost:3000/_next/static/chunks/node_modules_next_dist_1e8vcs8._.js:776
[  283891ms] [WARNING] If you do not provide a visible label, you must specify an aria-label or aria-labelledby attribute for accessibility @ http://localhost:3000/_next/static/chunks/node_modules_next_dist_1e8vcs8._.js:776
[  283997ms] [WARNING] If you do not provide a visible label, you must specify an aria-label or aria-labelledby attribute for accessibility @ http://localhost:3000/_next/static/chunks/node_modules_next_dist_1e8vcs8._.js:776
[  283998ms] [WARNING] If you do not provide a visible label, you must specify an aria-label or aria-labelledby attribute for accessibility @ http://localhost:3000/_next/static/chunks/node_modules_next_dist_1e8vcs8._.js:776
[  284078ms] [INFO] Banner not shown: beforeinstallpromptevent.preventDefault() called. The page must call beforeinstallpromptevent.prompt() to show the banner. @ http://localhost:3000/user/testuser:0
[  289194ms] [LOG] [Fast Refresh] rebuilding @ http://localhost:3000/_next/static/chunks/node_modules_next_dist_1e8vcs8._.js:776
[  290795ms] [LOG] [Fast Refresh] done in 1711ms @ http://localhost:3000/_next/static/chunks/node_modules_next_dist_1e8vcs8._.js:776
